timestamp,code,text
2026-06-10T02:55:58+00:00,L01813,"_ BA5C24 ( inbound)
: 01813 (CM) - WZ5G03"
timestamp,code,text
2026-06-10T02:55:58+00:00,L01813,"_ BA5C24 ( inbound)
: 01813 (CM) - WZ5G03"
2026-06-10T02:56:15+00:00,L01813,"_ BA5C24 ( inbound)
: 01813 (CM) - WZ5G03"
2026-06-10T02:56:15+00:00,L01813,"_ BA5C24 ( inbound)
: 01813 (CM) - WZ5G03"
2026-06-10T02:57:42+00:00,L01813,"_ BA5C24 ( inbound)
L01813 (CM) - WZ5G03"
2026-06-10T02:57:42+00:00,L01813,"_ BA5C24 ( inbound)
L01813 (CM) - WZ5G03"
2026-06-10T02:59:29+00:00,,"—.
:
| ~ elle:
ee
a
'
oe
*
a
oie
r
;

---

—_
——
]
a

---

—_
——
]
a
*

---

:
-ellte:
ee
a
oe
a
oie
r
j

---

™ —_—
Ld
fe.
e

---

~~ =
—
_
—_-—-
“
iy
a

---

~~ =
—
—_-—-
“
iy
a
@

---

Ld
e-
e

---

ence ht ke i
i ;
1 ‘ ‘ . , | .
: im ae |
: os "" ; "" ns 7 We
“ an , pad aa by
7 ts, ae
~ AEE
8
he | “ve ‘| iu ‘a bl mi vay (""h bee uit A ae ea ie :
a us Hy woh cha "" i ae ls it ik He ea ‘ i se mt an
, i
ue a i q aire itl it ite "" iad Hi fe ee 4
Ma ta fan wt I: vale \ | {| wt Ay il cit ihe fala hi : : : :
he en i. re : ee ‘Hy ifs fi ‘i att me i ih : rt .
a vs Ml “4 4. Mi a A ie] I ti ! “ely i iH HH a a ;
' | i a ; ite iA rf ina if al ne th nie a ;
o uh wit ay Hit
"" ee rr att a A an : nh ra a if i "" F He lel: F ie ce ih :
He
HP
| , : ; : a : : i H ait i ! I ' \ i ' BM ck i t: Hl ( Bi i | ' a
ii ae
: Jy
gia Ii! oe th WE i | :
[it
rh
.
a the ia at it ya re Me if i i
l |
il
‘ vs it , |
7 i i !
ra tah uals ne He
“| by “a ! I ! ‘4 ui wy it
. : ay A Hi i a
: ji
; aa ly
7 ea
| ""id
:
| 1.

---

an eencntennteneninalinnt penetrometer Aisne elma lA a Ne ct
ee
—
it
iN
tin
""
ne
h
ny
vt
af
by
rn
na
mak
sy
“
ved
Hs
ad
""
ny
im
ji
ey
wht
whet
4,
bes
it
it
1d
ca)
bo
ule
Le
i""
he et
val
wi
wt
wi
ed
hi
ful
hh
ee
ara
ty
Paaa
mm
fa
sunt
te
rds!
fant
yi ey
4
mh
or
nu
aly
woe
‘
te
noel
rm
4
ml
att
f
Wy
hile
vi
on
in
u
is
a
en
fan
id le if
rep
ih
ery
Lae
nel
4
an
te
ha
4
1!
me
ar dans i
aN
Mey
oat
a
“
in
ul
i
paral
hn
fa
Iaely
in
a
re
1
oy
cee
h
vey
ies
a
be
Vii
nny
a
Ha Rt
vt wa
eye
agli
he
is
ih
""
rae
te
fe iy
h
i
hy
faded
uy
i
iy
ele}
on
fil
i
ya
uta
a
fy tind
at
i
|
Mt
ry
i
a
; seb h
N
ay
i
ep L y
Hl
fa
""
4
1
Mf
u
|
u,
1
uf
ait
in
|
a
Wal
way!
ue
oe
4
a
ead
ret
Rn ye,
i
fiat
mn
""
it
ay
a
aan
i
Mi
ily
a iif
‘|
itt
ek
Herileys
Wy
ene ay
wens
i"" iE
Heat
bene
The
ni hn
tt
on
oa
het
|
oa
i
jaa
bal
ut fh
wiki
i
what
tl
aD
uit
Kh
eyed
in
we
vi
he
ah
iD
iI,
i
Hath hi bn t""
lf cH i Hi A
[
iH
vqapel
a
Hi yh i it
en 4
a
i
Wu
if
ui
Vu
ha
wh
i
vp
Hal
4]
Wedel
pen yet
aie i
4
fal
is
Wu ad
itty
i
fy
i of
Seer
(Oe
t
ify,
on
hid
ir
ul
I
it
my
Wh
whe
at
Hf
re
ao
|
ul
ant
pH
|
ef
Ia
nitty
nef
fle
ia
;
' vi
oi
tier
ua
ot
te
Wt
i
i
JF
Ben
|
ni
bend ey
Mb
hy
{ls
Pie
1H
elit
eit
ma
nl
inn Re
“
iw
ee
|
ip
uf
ie
wie
at
ih
Ee
H
Hay
na
Hada
+
iff 9
ny
iti)
ivi
ih
i f
in
Hh
aa
6
4
flys cl,
i
iH
f
:
i!
i i
a
hl in 4
9
te
,
A
my 4
met
li
Hh
H
ee
i
I) Ih i CEPR
a
ett
ff
ty
Ihde fit
il
""
i
eh
FF
i Lay
i
ola
(AH ONIN
in
re
ee
a
it a fe Ab
Mi,
Hit Wa
aye
he
en
itl
""
un
|
ab de
fin
“Ul
i]t
ptt
! if
it
nul ;
I ih
Ht
hit
aa
""
feb
‘i
|
STE PRE
Hy
a
ut
[je
tl
EE
i of
Hef fayt
PE EERIE
Wate ded
\h
bale
Hera ta
Hi Hilt
‘ili ul
Ho
bat
ih
‘ie
tan
rey
1,
eff
1H
Bn
fede
ih ae ey
tpt ey
nt Medel
My
na
Ir
ne
Vy
thy
Sy
High
ib
ale
ut
fe
etl
if
Ny
Hl
Alay
i He
i!
0
pel
I
ithe
wy
""
1H
eal
a lil
rd
‘
i
aH
it
fl
i i
“
Het
ih i
iH
bine
|""
an)
vhs
Raat
"" :
IE fay 1,
Atl
i
4
nya
f
re
AG
wi if
Fi
‘uth
Mp
pra
¥ [fn
[st
""aye
th ie | I!
|
TN
Half fede
ate, ate if ei uf a
vlads
foe
eeqephe
iH
mage
‘I
ay?
tw
a
CLEC
Ho
ne hdl
i]
lst
Hs
vil
io
7 '
ep he He
it iid |p
yt
fede
eal
Aa
A
fay
i
aut
ih
ele
appa iy
rh
ag
i
‘iL way
leider
a
rit
i
af
wet
Heath fel
pe
ny
Ta
ea
Pee
hy
te
(ier ie a
whe
ie
H
il
fy By
Wee
5
Lek
fi
1
ii Re
hei
fi i
i
nn
oa
a
vf
its,
i tl
i
Hi faye He
ued,
ff
4
eye eet
4!
fitted
sth
wat
ne vei ts
Hie
ie:
een
He
re
I He
ole
Hea
}
el
qh
ey sptel
pad
ei
bhi
a
Wine
a
tik
HHH
mi
hy,
alfalfa
Peper tt pede
hy
fl
ie
ha
|
ere
Hil
iy
ie)
ta at vf :
i i
a
mee |
iW f
f
wil
weil
OA URE oe
Hebd tHe,
i ach d
ane)
""
ue
te
ian
vie
meet
ee Heat]
ay
ti
1
Ay
a
el
PAfecr Pada aiys alll
iH
ee
tot
ee
|
AI
Hie
hfe fapat
Bett
wa
hy
hay
Aa
My
ih st
yr
wil Mists eft
Hod idaid diy
|.
|
td
th
hut
ral
rf
i ; 7 "" i hit! no i i i
Au i
‘i
eda cl
tl
ald Weld
+
uf
pinata
al ene
Mh
lhe
t
i
Wet ATL
AOI
Ho 1
ty
alt
Why
ie
pl
ha
i
HI fall i
7
rik
It:
5
|
alr
an
eff
rit
I
a
Pi
(' vines Pi nae
a
""|
it ik:
i
ni
ey epee
fly
i fl
H
Aral
i
tl
dt
4
""|
elit ned
ety
ve
lee
i
f
Ir
i
flatly
FTP Rt ka
ape
btnet ef
I!
ji
‘|
Hh
iti
bens
|
Hy
Ata
cea
a
Ju
fide tid
i
af
He
sia
""
ty
Hit
Mihky
He
Al
i
falas
hy
ou
Hal
|
LL
an
i
ii
ee
""
ql
hal
i
Ba
edad
Wi
4
ann
:
he
rerhy
my
oie
‘
ie
pv
Hii ‘ky
1
f
ae \
il tt
fer
a
qi
All
Maly
dit.
4
te
mi
1
1
ha
na
4
Bet
iy
Keeiel
Ile
nae
4
ait left
wy
eid
ipa
ney!
ni
Me
con
ning
els
tye
iy: ne in!
i it
oa
!
lata
Huy
Mh
nn
MD
iy
aie |
Sap
As
rye
‘ads
wl
cle
at
whe
o
'
edt
iat
Ht
ft
qf
wd
I
jii wy
ik
Ha
i
: i
aro
“y
""t
iit
yt
hs
iil
i
[ta i
He
ill
re
iti
th by
‘|
vi
ja
an
hy
Hey
Cy
era at at
a
hil
bolt
Mei
atte
ity!
bby
44
F
(
a)
ut
pi
ral
fl
He
i
hl
||.
re
t""
ih
HE
oa
4
Vi
4
|
Vth
|
1
|
Lo
ral
i}
or
{iley
why
Via
ted yy
ily
W
|]
tpage
Veo
[3

---

a
a
ae
tee
ie
a
Tae
oe
Toll
woe
>
7
Soe ee Sele
:
+
aoe
-«
=
ee
¥
..
=
=
==
WDD
22
Saas
=
Lis
Z
aes
— =
aa
SLI Ta
i ee
—
ae
Fe
a
TEs
=
SESS
=
aoe
~
_——
acne eee
ae
=
a
=
=
=
=
ie
as
we
Beh aoll
2
Wee eS
A ee
Tee SS
==
=
ees
ees
Se
a
<=
=
=
:
-
=
—
a
=>
ye ee SSE
ASE Tee
SSS TSS SES
= =s
=
an
==
SSeS
SoS
=o
=
=
—
Bi
a
eee ee
aan
=
2
I
sacar ona
SoS
st
SEEDS
Sie
Ja SSS
=
SESE
=
=
Le
=
pa eieaien
wt eo
=
we
zie
=
SSS
SSS
==
=
=
=
See
a
.
a
_
a---
eee
aes
Do Shee
ie SS STS
stem
=
Ss
=
7
eee
2
=
=
=
=
=
=
LEE Se
=
=
TES
a
——
a
>
=
we
i eS
SS
ae
=
=
=
=
=
=
=
oe
aaats
SS
=
=
=
Po
a=
=
=
a
=
eer
Tee
at
=
io SE De Se
eons
a
=
=
=
SSE
Sten eS
=
=
acl
73
a
-
ae
ate el
cart
mo
a
oe
—
5-55S=
22
=
aS
SS
=
SS
a
=
ee 3 LST
Sa
aerial
=
LS
ZF
Tle
s
coal
er
=
=
Eres s
=
=
=
=
——s
=
>
=
=
i
==
=
—s
=
=
ze
_
oe
ee ie
—
es
ITS
=
=
=
=
Eee
eae
#
=
==
———
ae!
==
=
=
SSS
=
==
==
=
are
a
=
=
Sot Te
=
a
a
==
=
=o
SS==
a
as
==
=
=
a
=
=r
—
==
=
ESSi=e
a
5
=
aaa
=
—
Dist
—
SITES
ae
=
==
=
==
=
=
=
=
=
=
==
=
=
=
=
=
=
=
a
Los
eT
“2
Tee
el esS
aren
a2
===
a Re ee
———
=
ee
re,
ay
=
=
—=S==
==
=
=
=
:
>
—_
ane
==
=
=
=
=
ana
=>
———
=
=
=
=
a
=o
==
=
=
=
==
==
ae
—
wines base ce
ee
=
ez
=
=e
=
a
=
SSS
==
i
SST
=
_
-
ies
=
wee
a
=
==
==
SSS
=
SSS
=== ==
===
=F2
—
_
=
=
pee
oa
SESS Ea RE
5
=
=e
=
oe
—
=
=
==
==
=
=
=
==
Et
ES
=
:
=
sis
=
et
=
SS
=
=
=
=
=
=:
===
SSeS
a
==
=
=
aes
===
=
=
=
aie
=
=
==
—
=
=
—_
a
Ss
aS
=
= ES
SS
=S
=e
a=
—
=
=
—=
SS
——
===
a
==
=
=
=
ee ae
=
pet eee
aS
==
=
=
=
—
===
=
=
==
—_
=
==
—
=.
:
aes
=
es
ae
TF
=
iS
SS
—
===
=
=
=
a
—
——_
—
a
—==
=
=
a
—_
=>
=
=
=
a
=
aes
=
=
oof
—
=
=
=
==
===
—————
SSS
=
=
—
=,
=
E
=
=
=
=
Ee
Sone e eS
a
————EE
=S=
===
=
=
—
=
=
=
=
.
=
=
ae
=
ae
=
2S
=
=
Sa
te
=
==
SS SSS SS
——
=
=
=
=
—
=
_
-—
=.
B
=
5
=
Lie SE
=
a
=
=
=
Sas
SES STS
SSS SS
=
=
=
—
——
—
==TeS
SS
a
=
=
=
=
a
=
=
=
a
aes
SSS
=
=
—
—
—
a
—~
—
a
aa
=
.
=
—
a
a
==
SST
==
=
=
==
2
———s
===>
=
_
-
=
=
a
ial See
CES
=
eee ee
a
ar
ae
==
= =
<==
===
———
=
=
—_
7
=
—s
—_
a
Se
=a
—=3
SSS
=o
=
a
———
=—
==
==
——=
au-. itiee
ince -
2
=
=
=
oe
=
Soo
SSS
Sa
—=
ee
=
=
=
ee
Es
LE.
a
ao
<r e
cS
ts
a
=e
a
Sa
aa>
2S po
==
a
SSS SS
———
=F
a
—_
——
_—=
a
eres
ae
a
=
==
ath
—
7=
SFIS
—=
ss
===
==
==
=
——e
eee
===
a
ee a
:
SSS
SEE
FSS
=
———
==
a
==
es
——
——
==
ae
——
—==
——
=
So. OS
2 es SS
==
es
Tess
=
SSS
==
SS SST
==
—==
=
=a
—
a=
_
S
=
a
aeibal
so
eS SESS
=
SIS ==
=
==
=
=
=
Se
=
ee
——_
==
=
=
=
==
—-
=
=
-
Soe
==
=o
==
z.
==
==
=o
=
=
————— et
ee
= SS
—o
==
=
=
eee
Woes
=
=
<=
<
a
-
=
ee
a
—
SS SSS
a
es
=
——
=
=
=
=
ee
=F
wae
=
:
oa
=
=
=
=
=
Soe
=
ees
=
=
ee
—
—
=
——
—
=
=
ee
—
2
Suisse
2
=
=
Dee
a
=
==
==
==
=
==
==
=
=
=
=
a
et
———_
==
a
a
a.
=
aot
z
Tai
BE
—
=
Se pe
es
—
——
ae
=
===
——
=
=
=
Sse
===
==
acre
ae
a
———_ —--
cpa
2
=e
TEES
<=
===
==
SS
——
=
=
=
a
=
——
a
——
—_
=.
rT
mre
=_—
—
eee
—
——
SSE TET
=
a
—_
ee
= SS
==
SSSS
—=
—
eaten
a
~ ee
<=:
=
—_ —
a
=
eS
=
=
—
= SS
3
= TTStt
Sn SS
==
oe
ee
=
—
-—
a
LSE
=e
za
ee
few
begs
a
SSS
a
=< S=
————
Soe eS
=
==
Se
—
=
—
i
=
en
Se-:
wa SS SSE ESTEE
==
=
a
=
age ieee ieee ae
==
—
—2EES
=
=:
=
=
~=s
—
=
:
oe
-—
—
<
oa
sole SSS
SS SS
a
=
es
T=
TE
SSS ee
=
ee
=
aa
SS
ee
ips -e
we
weet oe
=
ae
=
2 =
a
eS
Sa
=
ai
ee
=
= oT
I
—-
==
=
ee
a
=
=
ie
SE
oe
Ee
SS
=
===
ee
=z
~~
aa
—
=
SSF
oe SE
we
=
=S
Sass
SSS:
SSS
2st
oR a eee
a
=
To -
=
7
SESS:
ae
paneer
=
=
ee ee
=
eee
=
a
a7
—
=~
——
ees
=
i
——
ee
a
SESS LE
aL
se
oS
=.
a
i
eee
——
:
a
waits.
eae
ro
a
Eis
=
2To
Hat
=i
He ELS xs
==
oes
oe
ee
ne
aaa
2s
aE
=
ae
=
=
=
TTS
=
=a
—
=i
i
ears
_
ie
ae
=
ian
fae
wae + eS
a
me
Bool sss
=-
oS
eet
ll
So see
see
on
oo
oe
ee
ser Lt
2
aor ee
=
=
— is
——
=
an
aa
ay
toe Pas
Seon lies
ST
epee
eel
—_ —_——
---
=
a
ee
a
ia
~ ae
ee eien
a
pa e
ws
=
—-
o
—_=
ao
we oe ee
oe ee ES
=
apenas
sia
ees
-—=
ee
=
_.———
ee ee
Sele
a
ano
cae
=
Poe Se
aS
2m.
~~
en
—
aoe. =
=
See
as
een
——s
ais
a
-——--=
=—
=
——
eee
—
ee ee
eee
—_
ee ee
a
—
a
a
=
i
a
=e
=
a
—
=H
ees
Tr.
week
ne
a
=.
Bie salt
—
=.=
aaa
—=-
a
on
cone
—
ae
we
—_—
a
a
-+
TL
ee
—
oa
aS
———
ae
=
eee
ee
ae
Tr
=
aoe
a
Deals
aoe
vas
a
on
as
-—
‘
—
-2
a
a
a
--
aoe
aL
/
-
re aaaeemenanmanedl

---

ence
i :
1 1 :
: im mh ae
: os ns 7 We
an pad aa by
7 ts ae
- AEE
8
he f e f iu a bl mi vay (h bee uit A ae ea ie :
a us Hy woh cha i ae ls it ik He ea f i se mt an
i
ue a i q aire itl it ite I iad Hi fe ee 4
Ma ta fan wt I: vale wt Ay il cit ihe fala hi : : : :
he en i re : ee Hy ifs fi i att me i ih : rt
a vs Ml 4 4 Mi a A ie) I ti ely i iH HH a a :
: i a ite iA rf ina if al ne th nie a :
oo uh wit ay Hit
ee rr att a A an : nh ra a if i : F He lel: F ie ce ih :
He
HP
: : a : : i H ait i I ( i BM ck i t: Hl ( Bi i a
ii ae
: Jy
gia Ii oe th WE i :
Hirt
rh
a the ia at it ya re Me if i i
l i
il
: vs it )
7 i i
ra tah uals ne He
- by va I 4 ui wy it
: ay A Hi ia
: ji
aa ly
7 ea
id
:
f

---

™ —_—
. id
fe.
e

---

—~_ =
—— a
_
—_-—-
“
iy
I

---

—~_ =
—— a
—_-—-
“
iy
I
@

---

d
e-
e"
2026-06-10T03:02:59+00:00,L01813,"_ BA5C24 ( inbound)
L01813 (CM) - WZ5G03"
2026-06-10T03:04:14+00:00,,"Tr
ee ‘ =, - . a,
t
—
¢
.

---

=
—4 ad ——
-
_——

---

=
PO SLL
.

---

Tr
ee : - : a
t

---

~
- a a . ; tw
-_ >
4
6

---

Pe
-
—_
-_

---

Pe
e

---

-
- a a : tw
--
4
6

---

ne oe
‘
t
i
j
1
|
‘
}
’

---

tenant ant A eS
~~
ae

---

ee
~~
a
pare

---

ne oe
t
i
j
1
l

---

~
- 7 a . ; tw
-_ >
4
®

---

Pe
-
—_
-_ +

---

-
- 7 a : tw
--
4
e"
2026-06-10T03:06:53+00:00,,"—E——E———————— . -_—-
TD RRR ha \ i,
HAL AMMAARAI aN
AEA |
i
y
*

---

ae
—
nm
i
i
ii
il
ah
ANS
)
ih
iil
ii

---

ae
nm
ii
|
i
il
min
ih
i | Wt
iil

---

EE --
TDRRHRGEEha i
HALAMMAARAIN
Eh
i
y

---

Hi ii lle ii ‘ij i | lg)
\| Wh ||

---

3
Hi
Na
i
ih
i
Ht
AR

---

3
i
Na
i
Ph
ih

---

Hi ii lle ii ij ill)
i Wh )

---

i et i — “
\
do ae ht i Wig: ii i ai\Mialay ai al an . —— — ‘ we . a3 }
j Sa st Ar| Aer atin PTAA AULA VAAN aNTATTN A OW —_
POM TRAINERS TLE A A
' noth MA AIR Man ah
WATAUGA
Wahit| HS AUTH MTL
a —
ps
*

---

=
—
=
CS a ee
—
—_—
ig
Via
«
ii
2.
init
i
Tit
PRN
Wali
Weta
Hil
Nik
1)
Rai
AN
Hi
iN
I
tH}
i
Wit
i
i
Hh]
HHH
i
c>
n
ve

---

=
CS a ee
ue
<a
Via
ii
init
i
ii
Weta
Hil
Nik
Mt
Rai
AN
|
iN
ay
|
i
if
i
Hh]
i
n
ve

---

te
do ent i Wig: ii i aiMialay ai al an we a3
j SaatsttAr ANeraelinPuTAATRALALVMAnHaNTATTN AON
POM TRAINERS
: noth MAIR Man ah
WATAUGA
Wahitl HAUTE
a
ps

---

-_ A eee —_ ww
\
~_, pee ie Th hit, : 4 Z : - P _ = . wr . a 5
ihe
ty

---

-_— SP A eee
—
—_—»
wr
1h
‘Uy
a
Ta
a
a
a
{ 4

---

-_— SP A eee
wr
1h
'Y
a
Ta
a
{ 4

---

-eeee ww
y
vpeeeieThGhit : 4 Z : - P oe - wr - a 5
ihe
ty

---

;
: | |
i
. "" h
. |
| 1
| !
: ; i
|
|

---

A
ns
ae
I
""
a
wl
if
uit
ft
at
Hy
in
th
he
h
i
HI
""
a
4
|
vt
eh
fe
ae
Ii
""
nig
1,
if
4
Hil
i M
Na
ha
‘
a
rey
5
eG
ing
i
5
In
Is)
i
iif
Ho,
vi
i}
li
wey
{
Stent
ae
‘
i
N
uy
i
M1
i
Ie
et
Welfat ht
re
nu
li
4
i}
ag
ji
ny
|
£
""
ty
ih
i""
mith
i
i i
4
AE i
ae
i
1 Wi
my
i""
wo
I,
i \
li
rat
i
it
Me
Vy
iy
iF i
yl
a
| ’
Biba
pol
a the vd iett
H
MN
""
q
Patt i
il
Ly Nag tla
he if
ke
li
(!
Ly
my
1
tie
i
ot
0
ey
Ii
ie
|
I
i |
""
wd
a
hy
wh
i
nly
[
te
Vpn
ny
ae
ty
fate
it
‘|
4
ot
ny
h,
re
Ai
at
whey
soph
vl
""
+
a
ha
hae
ur
'y
iy
hl
IL
|
wa
ny
on
vol
i
Wy
pray
1s
it
et
""
oft
vil
we
hay
if
tl
“ “|
in
ee!
yt
Ine
na
a
nad!
bed
, a
iy
te
Hl
re
A
4
Mik
ier
ee
etd
4
fy
va
im
ni
, Ie
[ral
i h
a
on
a
ty
way
he
LE
ah
uy
""
4H
uy
W
Vat
Wy
ul
i
Uy
ny
“4
ie
i""
vl
1
ni
tie
it
a
ua
wy
""
1
ult
ma
ay
—
We
hed
it
i!
Bho
wy
wy
wy
()
inal
Mis
il
mide
rita,
rete
hoe
atin
ray
ag
iW
Vie
my
wt
Wh
wed
wt
nl
yd
fen
er
ya
me [lta
Hil
Wai
Tat
Wh
bes
hak:
|
if
oa
A!
ut
wy
tue
‘|
ha
i
th
ny
Qe ftet
[13
ts
they
vl
Why
pant
mea
""
haere
Fr
i!
]
AA ee iat
we
ayy
Mil
tai
ly
i
i!
KE
ry bypia
my
a
in
(!
4
fan
pul!
ude
vey
SMe PA te
A [il
in
TV
ny
vu
wii
:
its
ann
if
Hated
Wie
of ie
uy
it
hs
boa
ia
ty
al
Ia
dy
wif
Lah)
vl
""
4
hl
Hiieh Patl idl:
nu
4
We
(
vl fa
Ip [eject
ye
a)
ian
hy
atin
i
yt
Fy!
di
ly
Hi
ne
nie
Tyo
+
ata y
ile
fl
Md
4
Hie
nt
My
radi
an
ali
Oi
if tye
WP
in
ie
aH
My
hf
hi
""
iy
Whe
me
i,
eRe ear atin a
i
hh
nig
Pte
Vy
bain Une rile i ths \
wel,
Ma
al
Pat
w
f
Diy ha
mm]
fi
Wi
1
rl
io
u
if
NG
Wy
ih ""1
‘
|
vl
Vi i
ie
ne
ily
si
|
Hn
“fs
Way
fet
ji
vi vin! alt mi
t
fa
4
ha
ih
Haplay
h
lead!
i,
Wily
Wetnls
fie ht u
a
a iia i!
‘ Hy hon
a
4
ale
hae
Wy
wy
Wi
Wal
uf
Hl
u
veils
an
Un Ee
hy
in
may
ly
oa
ih
i
I
wl
ty!
Bu
I
I
ih
i
TAR
Ta
rah
tie
wild
hy
mo
wits!
I
all
at
ih
i
if
i
hy
iff.
in
Welt
a
Wy
yi
ah
oan
yh
ile
""
wife
hyd!
ain
We
'
fy
i
STS UR
eli,
an
rh
a
inn
I
hy
vt
il
‘|
al,
""|
tf
ni
ul
ity
uf,
ve
ih
HH
if
eau
yi
Int
Ay
nal
ill
hs
ik
iat
Ht
rN
it
Vh
1
«
ran
wile]
hid)
na
i:
im
hy
Wl
wy
thls
a RADAR
Me
fe
mt
on}
Wy
rl
It
Wea
fy
""
Carn
mits en
nt
""
mn
ide
lt
ly
iW
Ve
i]!
1!
ah
aps
Hip ea
ney
wi
uy
Wit!
nin
alt
Hit
a
:y!
HY
[ath
i
ver
4
why
i""
il
oy
in
Ae
Hf
fh
Halt
nine
id eal
Th]
in
ih
y
""at
ul
rane
|
Hy
nt
1)
i[h
Wa
si
Ly
iN
#f
Aan
wl
|
[Hy
iit
tf
Walt
i aie
|
4
‘i
a
ni
eal
i
ay
ul
um
if
file
why
a
Wi
ull
ity ied.
5
Wa
Wath
whi
ffi
iby
8
se
rf a Ay
Wall,
ify
it
afte
n
vt
wi
rh
I
4
ea ail
Hi
i
Ha
apie
an
in
""
ithery
al
\""
fi
in
Ve}
wh
fe
Mt
vethty
el
ist
bar
on
epee
{ii Ith
Ki
tT
|!
ui
ba
pein
wl
ty
it
ye
aie
it
ny
rin |
iu
i!
Wi
Ve
""
Hit fh
nial
My
Irs
ill}
wt
""
it
vin!
EEA
'
uy
a
td
i
i
ali
ipl
i
ae
aye
aM
4
fi
i!
HD
|
vb
ne
or
ul
wn
Wh
Wi},
An
ad
fie
wil
|
it
Ho
i
ee]
Wy
i
I""
ta
oe
""
1,
im
jr
it
‘ah
ff
With
I i]
‘4
ay
l
Pe
""
thy
nl
if
he
of
1
My
aT Ha
(14
W
wi
tae
o
ia
AL
Ln i
Wi
nip
il]
nt
0
i
AR
he fe
i
R
it
i
1
on
iin
Ain
yy
Ny
th
ae
wet
tt
""
weal
ity
m
AG
Wi
i
Cateye
Ba fi
fl
o
rani
an
all
Hit
ee thle
ii
if
iy
vt
""
Wy
1s
I:
welt 1
i
cia}
'
io
My
i]!
Ht
Ky
th
af tt
fit
it
vl
iat
if
ul i
nn
hy
ly
BNOTI LWA
Atl
ill
Make
thy
one
nu
""
|
il
Any
ey
iV (ii
At
‘!
tn
""
4
lt
|
i
Wa
ile
Hl
Whi
an
hy
ply
uot
a
my
om
ill
ul
|!
!
1
Hite
Wy
Ui tai
li
H(i
cil
Wi
tian
any!
I
a
hig
a
ny [ele
why
a
i
fy
Wy
HEN
nit
aH
nt
fan
Iu)
mh
Wie
he
byt
[fe
ol
oy
bal t
ny
ie
a
uly
||!
li
|
OAT TERT a
Hah
ited
nt
wes
""i
wed
the
pe
a
Th
y(t
W
‘I
A
yy!
Pal
Vi
vk
it
ibe
ree
t
il
Late
wey
sh
(aR
ho
iy
riba
ut
rl
4
4
bly
fal
nl
He
\
HAR
V4,
i
ea
nove
he
tie
i
h
aby
Ih
el
Wii
(ann
il
Vy
ul
i
my
na
fy
""
at
Py
on
php ota
ty
vv
oy
Vey
toh
ee,
La
ba

---

eee
se
cece
a
—
a5
ve
—
_
-iae
a
—
=
=
Tat
na
aoe
=
Jf.
fee eee
==
7 BS,
brs
nied
-
ee
ae
wal
<2
=
ZS
a Sls
ake
=
=A
=
a
=
aa
--
a
=
aS
mine
<:
oot
es
ay SS ES
ae
x
a2
aren
——
22S
ae
et
=
=
i
——
ieetial
TS EL ne
=
aw
Le
iio
=
=
Woo S he
bess S
-
=
SS
Fo
et
ae
=
a
ao eee
~e
-t
te Seb
as lSe
TStZ TL
a
a
a
apes
a
—
2a eue pe SS
=.
a
aan a
==
ee
gael
a ee
Le
LTS
=
_—
paces
aaa
=
ee
=
oe
eet
=z
Loa
Ze
wie
—
a
=
Zr
Lint:
—
ole
LEST
=F
TEL
ze
=
caeiae
oer
Fass
ies
==
Ss
ss
ar
oS
==
ae
po
tS.
ane
TE TIS
wo
=:
SoS
a
=n
x
=
Le
i
a
ann
el
Lt
we
ne
—
cole
oe
ni
Wt
==
————
=
=
ites
ane ET SL
=
TEST Set
=
-
=
—
a
=
aa -Ll Se
a
a
—
ae
=
—
ft
LLL
—
w=
==
woe
a
—
ict
mae
SS
SS
ae
ot
tS aat
-o
-.
=
apenas
=
ae
oe
a=.
ae
a
ae
—_
=
TEST
=
ae,
roel
si
Siete
a
a
2h
==
=
Tat
=
ae
aos ote,
see
=
-— se
Bru ll
—
en
poeeeienaee
a
Peele
ee
oe
2
2.
_—
es
=
ss
en
nae
=
a
Te
oe
BOLL
=
TE
panera’
aon
=
oe
ae
2.2
=o
ET
2-27:
ant
=
25 I=
ak
LST
=
IT
ast
Tze
=
on
eee
aoe
ee
--
=
a
—_
SUES
a
aoe
a
=
a
=
a
a
zo
ree
fame
Pea
eI
oe
iss
sel
ae
=
2 aT
=
Ze
=
its
a
aS
—
—
ae
a
an Los oe
=
iaioel
ac
_
=
=
==
<=
=
a
os
=
a
=7
—
—
me
aut
—_——_
= IL
eee
fen
Le
w=
=
223
=e
“=
ss
=
=
pee
==
a
—
ane
—
=
—_
225 T
=
=
—
oars
2a
ie
ss
a
ant
cae
=
=
=
nets
et
to
a
ray
=e
=
ae
2
=
=
322
——
a
a
=
ae
=
=
SS
a
neat
2
—
=
woolen
a.
a
-—
=
So
nae
=
=
Senesie
os
—
=
2
Te
s
ne
aac
Tee
sos e
—
=
=o
=
=
=
=
=
=
=
2
——s
ce,
a
weet
=
=
==
Tan
=
=
=
=
=,
=
—
=
=
=
— i
an
.
==
=
=
=
=
=
=
——
= LS
—
-— a
--
=
=
=
—
—=
=
=
==
=
=
-
— =
=
=
-—
LL
TEE
=
==
ae
an
ne
2
wae
=
—=
=
=
=
lity
=
=
et
a
—---
_ =
o>
=
7
-22
a
= ==
a
=
=
=
_—
-
-
—
=e
—
=o
=
=
=
=
S
ae
a
—
=
==
=
—
=
=F
=o
=
at
=
=
=
=
=
=
=
=
LtT.
=
==
—_
—=
=
=
=
==
=
——
=
—=
=r
=
==
a
=
=
=
=>
=
=
=H
=
-
=
—
=
=
se
—
a
a
=
==
=
=
=
as
==
—
aan
=.
:
—=
=
=
=
<=
i
=
=
=
==
==
=
=
=
=F
=
TS
=
=
=
=
aE
=
=
L
TF
=
=
==
—
Zoe
=
2
==
=
=
=.
fe
a
_
=
==
—
=
=
—
=
—-=
=
=
at
=
=
=
=
=
=
me
=
=
=
=
=
==
oe
—
=
=
=.
=
=
=
=
—
==
—
=.
=
=
=
=
=
=o
A
=
a
=
=
—
—
---
=
=
=
2
zo
a
--
=
=
=
ae
==
=
=
oo
=
a
=
=z
=
mT
—
=
7
—
sh
a
--
=
—
==
=
=
oe
_=E
—.
oe
oo
-2
a
=
=
=
—
am
ae
=
ao.
aes
-2
=
==
a
—-
=-3
= -
=
=
cm
<_e
=
=
=
ae
—
=
=
=
—
ait
=
a
=
=
=
=
==
z:
—
=
=
=a
=
=
co
=
—_
=
=e
==
=
=
role
aad
=
=
=
=
a
=
~
Z
ie
=
=
=
=
=
=
=
Ee
-
—_
at
at
Ll ==
=
=
7
=e
—=
==
=,
=
=
=
=
a
=
=
=
—_
a
=
=
=
a
al.
LT
=
=
=
—
—_
a
5
es
==
=
=
==
=
=
=
a
=
lst
Sle
7
=
—s
=
=
=
==
a
oe
a
=
=
=
og
=
a
=
a
=
=
=
=
mas
a
=
=
=.
==
—
as
<
_
=
Bs
a
=
a
=
=
=
=
=
Se
=
aaa
=
-
=
=
=
=
aie
=
=
=
=
=:
o
ae
=
=
=
=
=
_
aaa
mois
_
=
=
=
a
=
ae
=
a
=
te
ae
=
BoE
==
=
=
=>
=
=
=
=
=
Teo
oS
Le
=
Sete st
a
a
z=
=
=
=
=
=
=
—
=
=
=
=
=e
=
=
5
=
=
=.
.
=
=
=
—
=>
a
aes
=
=
=
=
=
=
=
=
=
=
=
See
GEIS
_
ro
=a
=
=
==
rs
—
a
—_
cee
-
=
=
=
2
=
F
=
=
=
=
-—
==
=
=
3
=e
—
x
z
=
=
=
=
=
=
_
v
se
=
=
q
=
=
—
=
=
=
=
=
=
:
==
=e
=
=
=
Sa
=
ist
Ss
a
=
=
=
=
=
—
==
=
—
==
=.
=
=
=
==
=
=e
a
=>
=
=
=
=
=
=
=
7,
=
:
+
=.
z
=
=
a
=
See
=
ay
=
a=
By
=
a
nT SSE
=
=
=e
=
=
—
a
=
=
=
=
=
=
a
=
=
=
Ss
-
=
L
=
=
==
Bose =
ae
is
=
=.
5
aad
EE
=
a
=
—
=
=
=
=
=
a
=
=
-=
=
ee
=
=S
a
==
=
BEE
+
=
z
nO
a
a
we
:
%,
=
ae
=
=
=
ak
=
=
=,
=
a2
AT
=
=
=
=
ZS
=.
ES
SS
=
bcs
=
=
=
=
=
est
=
=
=
==
a
s
=
=
=e
am
=
a
Tet,
es
=
—
Ste
=
oe
=
I
=
=
os
ag
3D
eae
=
a,
a
4
a
=
=
<a
=
=
=
%
cart
a
=
=
=
:
Z
=
=
re
=
ES
2
=
5
=e
=
=
=
=
a
=
=
""
ae

---

:
:
i
h
1
:
: : i

---

= A eee —_ ww
y
-_, pee ie Th hit, : 4 Z : - P a. = . a . 4 5
ihe
td

---

-_— SP A eee
—
—_—»
wr
1h
‘Uy
a
Ta
a
a
a
{ 4
a

---

-_— SP A eee
wr
1h
et
a
Ta
a
{ 4
a

---

-ee- ww
y
- vpeeeieThGhit : 4 Z : - P a - a - 4 5
ihe
td"
2026-06-10T03:08:46+00:00,L01813,"_ BA5C24 ( inbound)
L01813 (CM) - WZ5G03"
2026-06-10T03:09:15+00:00,L01813,"_ BA5C24 ( inbound)
L01813 (CM) - WZ5G03"
2026-06-10T03:10:41+00:00,,"Laois ial H i eae oe 'e . -
g
4 )
4 te
j

---

7
ye
i 4
yi
‘il
it
tht
i
ih \
ie
|

---

7
ye
i 4
yi
it
tht
i
ih \
ie
|

---

Laisa H eae e -
g
4 )
4 te
j

---

4 tai il il } ase P % LE
iy nw Fling a i er a ae rw, i ail ;
ee tw ye) Oe ae a 19,8) ,
iM ii i i il a A 4 3 ""
j h
*
ig q
i

---

— ++
me
Ha
=
ih
if
by
iy
WH
i
i
4
\|
mr
i
i!

---

— ++
me
ih
if
ill
iy
WH
i
""
4
\|
es
i
i!

---

dali lil ase P LE
iy nw Fling a i eraae rw i ail :
tw eae 198) :
iM ii i i il aA 4 3
j h
ig q
i

---

- ~ a ‘a a
= = ""r
Aileen A ty er if) AT eae a I ie: i Mh i j . ai
| | ‘ ,
7 ]
*
#
|

---

~
-
7 oo
Neat
HW
um
be
a
z
he!
mt,
i
cad
ih
HY
bh |
Mi
Hy
i
Hi
ith
Hi i
-
Li
1)oH
shel
He}
Ni
i
H
;
lt
ul
il
{uy
ul
i}
|
i}
I
il
ih
iy
i
HR
i,
ot
tea
oe
ant
at
‘it
i i
|
hi
Hii
Wy
Fait
ni
,. HH
i
Aiki
Hh
Te
Hi tH
ai
the
yt,

---

-
HW
ie
ney
mt,
cad
ih
if
HY
Hil
i)
iM
Hy
i
ith
Hi i
Li
ie |
i
‘i
\ |
Ni
i
H
;
i
il
il
inbour
Hy i
ih
=
4,
ita
{ih}
oe
ANNI
at
i
hi
|
hi
Res;
Wy
hi b
ni
te
i
Aiki
4
Hh
Te
iN MY
ai

---

- - ee a a
o r
Aileen erifi)T eae I ie: i Mh i j ai
7 )
s
I

---

. ~ we A ~~
we i”
rah ta bg i ato it mr er eee : uff ie ¥ * : i
\ 1
: iy
S
FJ

---

""7 g-
wo
Paar
il
ra
1 eal
bel
=|
wt,
toil
o.
My
mK
me
bea
‘s
Hi
fi
ead
I,
‘i
-
""y
“ORs
""
ipa
i]
tf
ve
tanh
{ I
th
iw
Lipt
i
if
(
as
ih
i
nl
iti
un
slag
Hf
AI

---

""7 g-
wo
e 4
il
ra
1h
=|
wt,
toil
o.
me
mK
uff
me
bea
fi
mere
e
Me
h
I,
:
""y
ee
""
ipa
tf
ve
tanh
{ I
i
iw
i
~
if
(
as
ih
i
iti
un
slag
Hf

---

: - A -
we i
rahtabg i ato it mr eran : uff ie : : i
1
: iy
S
FJ

---

“ee
=
I Us . ;
ra,
. Foo . ;
i ’ yo,
ij i
on . ‘ oY Lo mo ;
ea a I ho Io vo _
fhe oa ! 4 |
: a ice 7“
: , Pee
he ;
; am OO y lly | ty : i Hef Hd ilte Uy We ny ht fi AME yely ey cin IE jie Logo A ee :
oa ae ey lth | i im ey val Ai ill Leen ALE mae caer :
a
oe ‘y nO. wo qi i | Mi att | wa mn Hai at lak Hil I “el {ui Aalgita elt its It nat aaa fo icearias hb
; i ro pe ms tall Ih ki nn i iF | inl Hk ih Wel Motta in Hs ee Ea ae Wels 2
: 4k, oo 4 ult, a ‘th ‘i. i ; ea hol a fou ny ih ith ‘ alk a ie sant! oe ithe HE ayes ae
a A Te, You, WL am | ihe 4 TL ih i \ iy ri ar a a ae Hy ai iifits i Wiles i a
we i i at he itl iil, ' Tit jth hi ‘i i we HoT a ie Sl ne ish oe ee i
hh : a ij i i TL ‘i i ee wy te Iie ; ‘I jit HIE Be et tet lies a es ie ahd red He Lege ie are
haa po
:
rye ar i He h ily lk tha ui Tne He Pah oe Pe ae ao Fe
ty ie rip ah M 1, ih 4) th i, pes ial Het i ail ee If: ce oe ae Bas
* un ‘i nk en My mn ale Eel ey ili ae a ae fs
ces :
oy ate he ii, hi Hh a I an Ce ah veg oye
,
'
J i fh
tah ned way ae Tat fh. ee ie afi eet a a wile a Be be
4 4 ue oan uy ys an Hen oat I Ki ete Ap: ae ce a Bi Bed ait a 14 he eos :
nn me fod SB Keay 4 Eee ie ae ee arate ui ae net aa
jou’ Wa, 4 Bae “a Pare a ae ae a ee .
4 ann a by :
an Woh Loh a ith ois aoe aye ae ne eB Meat ae are ee ied Eee a
4 vo
. :
‘
oo . ,
ce uo
a
oe yy ey eae th aaa ie a ae Be saat aa a iat tlt age | BN it an af #: eat ah :
' we z ;
Ses aa La ace arity ae spo TEt intaRn Ait heist ia: hi Rees ane a Bipiaen ae seta ‘la pede let rn veto,
aa my ly \ ee oRRe cee sheeali Hee ReeeEy are aah if if iy UME ! : -
| ora ; *
: my
!
| _
( a
‘
i. os :
ee eee
GES : 4 we
: oe me, a Jee .
an me, ae ae in ' noe
: ms rane hee as Wek Rath we tu ib) Syn “rt ih thy)! PART ey hd a, a :
A Be 3
i : a Hi aa aren
Af ne yobs
\ 7
. ; . on ee th
us . tae t ! so ‘oy Mw 1 ‘ . :
| “ oN ey ie , ea
d Soe i oe
i a = ace Mr
7 . 1 ; ‘ ; .
i , ‘ ‘
| ‘
: i
| |
z

---

a tate te
—
- ee
tee
meee eee
i
in
ily
by
my
4
q
""
‘i
uy
Mn
in
I
att
‘|
4;
hy
ho
i
My
{i
{h
'
if
""
i!
IL
Hh
|
u
wh
""
u
i
ji
iy
nt
tit, |
tt
\,
|
41
‘
Ay
\
iM
mo
a ihe !
hoy
""1
4
ia
tit
i,
i!
no
ul
[I
ait
|
Mot
‘|
in
I
jt
i!
I
{!
fue
|
Hel
|
I
1
nt
ta
min
eli
inp
I
ik
in
| i
|
a!
Hes
kM
my
h | ih
uy Ul
q
it
Hl
1
h
ith
rif
list
vlifet
in
i
ie
il
\
Wd
fo
thats |
wl
vy
”
Hh
|!
\,
q
a
‘|
i
bly
il
at
\
ial
Weg
| i
in
salt a
il!
ih
| 1
:
1 nti
u
ih
i
11
fb 1) i
fol
""
{)
“
ie
| |
:
in
't
i
bl
yo
wl
all
ii
mii
vo
ft
nie
a
ile
bl
yl
ik
1h
|
HL
“|
il
i
i,t
a
ha]
wl
i
u
it
|
{!
I)
ist
i
‘
fal
ut
|
r
""
ra
ih
ville
Gh
Hil
in
i
Wa
Hi
wn
Ha
vy
an
ith
i
ih
f
hs
""
an
hy
i
Wn
,
4
i
il
\
rit
i!
he
i}
Wy
Me
i
iy
in
b
if
i,
i
ik
i
i
i
ft
it
il
iH
[?)
c
iB
1
iN
al
iH
i
Jt
iy
By
ry
i
a
ut
1
CL
a;
jl
aid
elt
Tie
Ht
bat
iH
Bi}
{
fi
iit
im
u
ih
i
1
i
ith
x
tel
iit
ead
tie
an
+]
pir
mt
Runt
&
Hs
Rae
is
4
ia
Ie
i
ial
ity
Bet
ney
Vf
4
4
ii
Ht
Ba
""
in
it
Hy
fy
Hen
Bi
aed
a.
it
ue
ir
ft
ft
in
|
Ht
nt]
i
ia
ape ht
i
I
fy
ya
}
mt
vy
rt
yh
He
i
ye
Rn
afi
(
th
in
itt
i
An
a""
hy
i
i
ily
cn
th
1]
iH
Hi
aif
te
vt
it
ia
""
|
uh
dh
eit
Ho
a
i
i!
rte
it
uO
4
HD
rh
i
41
ty
fae
elle
Ved
+
| i
o
uy
ah
i}
it
im
ui
Ha
th
Ay ie
fafa
|
in
im
Pa
why
Dian
ra
i
eel
m4
the
0h
4H
HH
wo
ed
ul
ll
i
yh
qth ar

---

a""
© SS anne aint yo
—t
tt ne 0
Da as cee
<<
fee
entree
we nee
sets
=
~
thee
2a ee
ss
a
-
-=
-
=
=
=
=
ex
=
=
=
_
=
=
=
ur
=
=
a
=
=
2
=
=
=
——
=
=
=
—
=
=
=
=
=
=
__=
=
=
=
=
_
a
_
=
oe
a
—
=e
—
<=
=
=
=
—
=
—-
ca
=
=
=
=
=
—-
=
a
i=
7
2
i
=
2s
2
=u
——
poco
=
a
——
=
re
——
Pe.
=
—
_——
oan
Ze
—
=
—
ae
—
=
Se
—
—
en
a
=—
os
=-
Te
===
ieee
ae
T
m=
=
paren
peed
—
_
a=
~
——
——
==
=
=
2-5
=
—_
==
==
~ se
=
aes
TIE
=
=
a
—
—
-—
3
==
eae
=
=
—
ae
a=
———
——
a
=
cats
=
ee
=
——
—=
——
.
=
aos
ao
=
a,
a
=
=
<
=
=
=a
Sect
ee
—
eet
——
i2
a
ae
ES
———
aS
TH
ee
=
——
—
=
-——=
a
eS
See
Srron,
eens
ss
ae
ait
=—
a=
a
oe
SES
——
=
a
ES
mit
=
SS
=
——
==
=
=
——
—
a
Soe
ee.
==
SS
—
--
Le
<<
=o
==
a
=z
=
=—
Sot
pyrene
a
=
=
a
—=
=
ee
ent
——
a
a
=
SSS
mio
2S.
2S
——
——s
restos
(=
ey
=
=
--
——
rae
c=
=:
a
a
——
-
—
—=
=
Sains
of
=
ant
=
=
==.
a
os
Ton
=
=
=.
=
==
=
=
=
a
——
a
=
=
SE
it
=
as
4S
ee
=
$=
=
a
ae
=
=
a
pares
os
¥
oe
=
set
=:
-
=
—
mics
iret
=
SEr2
=
=
=z!
=
ee
att
2
Rosas
a
=
SE
2
ae
Le
ane
eee
=>
=
rea
=e
sg
=
=
=
aon
ar
BSc
=
a.
a
_
ny
peat
_
=
=
=
a
a
aa
a
—
—_
a
=
—
pts
-
=
=
a tate
|
i
|
meee eee
ee
\_.e~w aver:

---

ee
-
I Us :
ra
Foo
i : yo
ij i
on / oY Lo mo
ea a I ho Io vo
fhe oa : 4
: a ice 7
: Pee
he :
: am OO y 1lhalyt ty : i Hef Hd ili We ny ht fi AME yely ey cin IE jie Logo A ee :
oa ae ey lth i im ey val Ai ill Leen ALE mae caer :
a
oe iy nO wo qi i Mi att wa mn Hai at lak Hil I iel fui Aalgita elt its It nat aaa fo icearias hb
: i ro pe ms tall Ih ki nn i iF inl Hk ih Wel Motta in Hee Ea ae Wels 2
: 4k oo 4 ult a th i: i ea hol a fou nyih ith alk a ie sant oe ithe HE ayes ae
a A Te You WL am ihe TL ih i k iy ri ar a a ae Hy ai iifits i Wiles i a
we i i at he itl iil Tit jth hi i i we HoT a ie Sl ne ish oe ee i
hh : a ij i i TL i ee wtb Iie F I jit HIE Be et tet lies a es ie ahd red He Lege ie are
haa po
:
rye ar i He h ily lk tha ui Tne He Pah oe Pe ae ao Fe
tie rip ah M 1h 4) th i pes ial Het i ail ee If: ce oe ae Bas
un nk en My mn ale Eel ey ili ae a ae fs
ces :
oy ate he ii hi Hh a I an Ce ah veg oye
J i fh
tah ned way ae Tat fh ee ie afi eet a a wile a Be be
4 4 ue oan uy ys an Hen oat I Ki ete Ap: ae ce a Bie ait a 14 he eos :
nn me fod SB Keay 4 Eee ie ae ee arate ui ae net aa
foot Wa 4 Bae ua Pare a ae ae a ee
4 ann a by :
an Woh Loh a ith ois aoe aye ae ne eB Meat ae are ee ied Eee a
4 vo
:
r
oo :
ce uo
a
oe yy ey eae th aaa ie a ae Be saat aa a iat tlt agET BN it an af f: eat ah :
: we z :
Ses aa La ace arity ae spoeTEt intaRn Ait heist ia: hi Rees ane a Bipiaen ae seta la pede let rn veto
aa my ly ee oRRe cee sheeali Hee ReeeEy are aah if if iy UME : -
ora :
: my
t
( a
t
i os :
ee eee
GES : 4 we
: oe me a Jee
an ney ae ae inh noe
: ms rane hee as Wek Rath we tu ib) Syn unt ih thy) PART ey ha a :
A Be 3
i : a Hi aa aren
Af ne yobs
7
: : on ee th
us : tae t : so oy Mw 1 : :
Ney ie ea
d Soe i oe
i a - ace Mr
7 1 : : -
i
:
: i
z

---

. ~ we A ~~
we i”
rah ta bg i ato t 4 er eee : uff ie ¥ * . i,
1 1
: iy
S
2

---

--——— g-
wo
cnr
il
ra
1 eal
bel
=
wt,
toil
@o.
My
mK
me
bea
‘s
Hi
fi
ead
a
h
‘i
?-
""y
“ORY
""
ipa
i}
tf
ve
tanh
{ I
th
iw
Lipt
+i
if
(
as
ih
i
nl
iti
aT
sng
Hf
ted

---

--——— g-
wo
e 4
il
ra
th
=
wt,
toil
@o.
a
mK
uff
me
bea
fi
mere
e
Me
h
h
:
""y
ee
""
ipa
tf
ve
tanh
{ I
i
iw
+i
=~
if
(
as
ih
i
iti
aT
sng
Hf

---

: - A -
we i
rahtabg i ato t 4 eran : uff ie : i
1 1
: iy
S
2"
2026-06-10T03:10:53+00:00,,"i
A ae |

---

4
nh
il
/
i)

---

4
ih
nh
/
i)

---

i
A ae

---

*
‘
q

---

mw |
r
Be
hi
‘ny
if
i
|
i
i
i
Hi
hy
HAM AA
HN
M4
HN
i.
i
hi

---

gt
—
—
rey
=
ae
=
—_
=a
=
=
———
=
=
=
=
==
=
rs

---

s
q

---

re oe 3 ~
i at Am i cit li I f oy ‘i | Wy ! ane | ial a if , i = oe = |
Bi WANNA rl AA ia i Ha il | HNC MOM TNT WA MbEsllouiett ts Ni leh 4.
i ‘
a e
‘ke
ae
1

---

aie VTA
|
san
HAW il
vidi:
i
i
We
a
Medien
%
fs
Bi
iif
Hal
Ht
i I
ui]
Wi , | |
i
hs
i
4
|
v4
iu!
i
HH Mi | i
nit!
|
eee
re)
Mitte
iw)
hal
{ft
| i |
il
Hi
1)
i|
a
4
Es
1h
ny
ORs
uel
i
i
H
avi,
¥
i
i
i
ii
Hit
it
:
li
""
Ki

---

—— > ++
S
|
san
HAW il
vidi:
i
i
Wha
a
Medien
%
|
i
Ht
i I
Wi , | |
|
ful hI
4
|
v4
iu!
i Mi |
|
is ee
re)
Sit
il
i
{ft
il
Hi
1)
a
4
Es
1h
ny
ORs
i
H
Wee
a
i
it
}
|
it
:
li
""

---

re 3
iat Am i cit li I f oy i Wy ane ila if i oe :
Bi WANNA rl Aiea i Hail HINCMOMTNWTAMbEsllouiettt Nile 4
i
a e
ke
ae
1

---

~ we +: : 4 -
;
a ow
ers Aili, Y 4 5 "" uy ‘ . ' | my hd am ne
ee t, TWh th aaa a wat a .
ae! SP aes ian Woy : Sy : ‘ 5 be
i ae ag 1 ra yooh : M ‘
!
»
D
’ ato be Oa MTA TN ra rth hi i Peer ne t H it i Mite oe eeatesh aa a

---

nt ts
De a
tt
i""
i t
u
qt
i,
he
an
i
ial
Roy
hil
if | |
no
i
my
tt
Ny
SAA
ry
e
M
!
4
4
ay
iz
DY
mn
Hi
.
my
in
i
ql
ah
Hf
pais
a
MN
nn
i
iT
iy
:
ite ee
i
i
h
i
It
K
Af
te
ih
1
if
ie !
i
dh

---

nt ts
ind
tt
i""
i t
u
qt
th ai I
z
r
0
'
ial
Roy
hil
dal
i
i
i
tt
1 Y
aa
Ny
.
dt
SAA
ry
}
M
:
4
4
iz
DY
mn
i
ql
ah
H
th
Hf
:
nn
i
Mi
iT
!
:
ite ee
¥
i
i
h
i
It
K
Af
te
|
if
ie
i
dh

---

-e a : 4 -
:
ao
ers Aili Y 4 5 M uy : my hd
ee t Whitt aaa a wath :
vet SPaEs ian Woy : Sy : 5 be
i ae ag 1 ra yooh : M
DY
aaah MTA TN ra rth hi i Peer ne t H it i Miteeeeateshaay a

---

Te
| .
| ye i .
SONATE oo: ar | |
iyih! et io ‘h Nau, [yh ane wie | a | ary Ae AGEL ei 1d th i ih rly 4 | an pr | |
ny pte bd pol i tee dL apf ee Heh alten A elie Ut il ip ete Walle a — |
2A
SOON :
ear) eh ea es FR! reatijaitel eae a eee een aot + i
RT ee bij y th disci atthe! anu ee CA ee foe eel Ble ,
Bee Ty he det Nett ue ne tea A a aL RU Mae TE A eee 4 ye Wictear tree tted a
: oy ee
oo Se E
ms er TUE sem
t Se
| EE
f ee
| ae Ss ties
: oe HUE E ETE : ;
| Nie 7 | . rs cl
| TT TEE . oi
a ; : “ ean iy BEI IPRE Bas ot .
‘ ‘ ' nn per pi debe PLETE GAT vec ep I ibis eh rote hyd a .

---

ee eee
te |
~—
ond
eee
’
t
he
ny
it
Hf
qt
ul
i
{I
hy,
nee
\
\
fl
oat
""!
fn
al
fl
li
u
il
""
i!
i
|
yt
leaky
H
H
4
tt
Ia.
tf
4
Hel
Pi ey
u
Eh
ti
h
al
|!
Ya
oye
it
ep
nT
al
|
iH
ra]
|
He |
ui
ied
""
i
""
i'l
\
pret
iy
yt
1
|
I,
1b,
|
telly
Ale
i
we 4
Wace fl
uy
ee |
yr
ow
Wn,
d
fy
Ty ite
I,
wily
Ih
| ui
un
nt
i
ip
Wil
u
lt
i
whet
lial
a,
i
Het
in
4
th
y
i!
ik
iy
Me
Hf |
ulft
mn
fi
Lif
""
aa
""
| I
\, f
Ie
I Hef t
vo
i
ut
iti
Wer
hy
in
|
1!
Hf
1 i
;
ah
tl
‘|
iy
rea)
Hl
yo
i
ih
ul
An
oii
jis!
I!
iW
Pal
i
a
Ve
\
iit ‘h
I
Hl
My
Wel
i ii
Heh
i
ur
; i
fH
ui
al
sl
ad
i
Ho
h
di
er
ra
ie
i
i
Bi ia
Hf
4)
;
i
uy
qe
""
tel
WH
ile
fl
Hl!
[a
pee
”
4
ai
yl
he
aut
hy
rs
yy
i
hd i
' [,!
it
4
il
fi
iN
i
FU
1
ot
i!
if
hob
nl
iM
lal
{li
i}
HHL
i
at
tl[tlt
a
it
i!
vl
it
rain
int
is
ii
a
*t
if!
bag FT
no
I
in
\
wey qe
AE
Ht
He
fl
Wil
aes
1}
meh
rh
Way
ill
i.
f
vit
rt
Ut
ii
it
i
ef
Le
vd
iy
it
a
fb
i
il
i
qn
q
i
b
u
Its
i
”
fa
4
Mi
a
YE
ay
a
""
i
te
i
if |
he
ol
Ly
{
Vi
u
tt
ij.
ba
il
‘tak
vi
ni
it
il
i
fa
vt
Vt
41
tL
if
fi
‘tu
ji
if
if
tI
4
a1
+8
fit
br
i
fa
fi
b
Hi
ae)
fo
Hit
Hof
ag
A
it]
iB
ii
i
H
4h
iy:
Ht
nH
is
4
ii
ehh
nn)
ith
ae!
BING
in|
ti
yt
Ran
Ht
HY
1
i
nf
1H
i
‘is
a
Wa
ui
y
is}
i
Bai
ini
nied
|
|
Bt
|
ra
By
4
fi
Mm
it
if
eI
Hj
BS
He
4
1
a}
4
4
4
HI
""
i
y
in
aie
MH
i
if|
i}
Bh
fl
Wy
fan
hy
apf
it
Ie
Ri
ny
|
ee
BH
-
ir
il
iti
AAD
ia
A
il
il
Hi
|
it
j
i
fa
i
Ho
IK
an
i
wey
41
ppt
fi
Hi
Pe
“if
il
i
rs
iH
Hi tiy
ve
m4
iv
""
ih
hy
i
ei
aa
HL
Hh
|
1
Myr
i
""
ty
""i
4
it
i
i
uf
My
my
iy
ly
a
vl
ty
I
uy
vf
‘
my da
Pahl
f
i
Nea
4
h
hai
veh
ii
Mi
boas
iy
i
it

---

~ST.
a
on
FE re
cs
FES
a
=
eee
ee
’
~—
te |
ee ee
a
2
aes
a
_
ee
SS
—
a
Ts
7
=
=
al
a
=
Loe
=
aos
ao
a
pa
sco IS
---
a
=
==
Se
=
on.
=
wate
aye
hs
wake
ed
vans
eo
=O
aed
=
=F
eos
a
apie
==
=
=
=
aa
==
2a
=
a
a
=
a a
==
FS=S
ESSE
ae
2
B
——s
a
= SE
ts
=,
a
te es
eS
=
oe
ca
es
=
SS
- tee
ES
ToT
ee
aes
=
=
ar
=
=
aa
iz
aS ES
tt
=
=
=
=
=
z=
ere:
webne
=
om
ee
nn
=
--2 =
J
i=
=
Se
TEiT
SSS
——————
——
==
=e
=
eae
=
=
=
ee
===
Ss
2 SSS
a
=
-
SSS
aE,
a
or
——_s
==
nee
=
in
roa
—
7
aes
=
SPS
3
SS
cote
pared
al
—
———
=
=o
=
Sos
SEs
TE
a
==
are
_—
Ss
=
=
Sa
=
2as
==
—
=
=. =
=
=e
ey
ST
= =
=a
=
=
is
——
=F
asses
Sar.
2S
T=
=
=
=
<=
=
=
=
=
a
mete
Te:
aE
2s
=.
=
=
ae
=
=
=
——————
=
es
=
=
—
Ee
=
-
—
w=,
=e
==
2
a
=
=
ree
=
os
rae
=
Es
a
=
=
=
—
=
=
=.
=
—
=i
=
Bes
BESS
=
==
=
-—_
=
SiS
=
ee
=
=
— a
=
Se
a=
=o
=
==
=
=
=
=
a2
=
=
=
ue
==
—
=
ee
=
=
=a
a
=
=
==
==
=
==
=:
=
a=
=
=
4
a
=
a
ds
=
=
=
=.
=
==
—
a
a
5
=
=:
==
=
=
a
a
TZ
at
=
aes
me
Ls
=
=
ae
Ta
a
a2
=
oe
=
=
pay
=
“2
a
=
25
—
=
ae
<=
=
a
cs
—
=
=
=
—
xt
=
=
=
+
=
=
=
=
Ls
ait
_
=
——
>
=
=
=
=
=
=
=
oe
worn
as
oe
te
Z
7
ee re
=

---

Te
ye i
SONATE: ar
iyih et io h Neuf ane wie a ary Ae AGEL ei 1d th i ih rly 4 : an prt
ny pth politeedLayf: eeHehaltaedie AelieyU ilip ete Walle a
2A
SOON :
ear) eh ea es FR reatijaitel eae ae eet i
RTL bipyth dtiscaialtie anu ee CA ee foe Ble :
eT hedetMetet ue Aaa Mae TETAeaaee 4 Wicteartgtenetteda
: oy ee
oo eE
ms eG)
t Se
f ee
ae iia
: oT HUEEETEEt :
Nie 7 rs cl
TEE oi
a : ean iy BEIIPREBas ot :
nn yperpidepee PULECeeeGaTvecepe I ibaa rote hyd :

---

~ we +: : 4 -
;
a op
ers nity Y 4 5 ! ae ‘ . ' my ei
ee t, TMi th oy a wat he r .
ae! PSP aos! ian Vol : Sy : ‘ 5 be
i pt ag 1 ra yooh : M ‘
! .
»
D
’ aaa oR be oa MTA eT ral rth (| i Peer Hie t H tH i Me oe eeateh aa ne

---

i ts
x
tt
""
i t
u
qt
i,
ih
a
a
ial
Roy
hil
if |
we
h
i,
tt
Ny
Sa
ry
e
M
!
4
4
ay
iz
DY
mn
vi
.
my
in
i
ql
ah
Hh
wns,
tt
MN
nn
i
iT
iy
:
ite ee
i
i
h
i""
ihe
K
Af
te
ii
1
ihe
ys !
i
dh

---

i ts
ind
tt
""
i t
u
qt
ah aia lI
z
r
”
'
ial
Roy
hil
dal
i
h
i
tt
1 Y
aa
Ny
)
ot
Sa
ry
}
M
:
4
4
iz
DY
mn
i
ql
ah
H
th
Hh
i
nn
i
i
iT
|
:
ite ee
¥
i
i
h
i""
ihe
K
Af
te
|
ihe
ys
i
dh

---

-we -: : 4 -
:
ao
ers nity Y 4 5 ae : my ety
ee t Whitt oy a wath r :
vet PSPaEos ian Vol : Sy : 5 be
i pt ag 1 ra yooh : M
DY
aoe MTA eT ral rth t i Peer Hie t H tH i Mteeeeatehaay ne"
2026-06-10T03:12:04+00:00,L01813,"_ BA5C24 ( inbound)
L01813 (CM) - WZ5G03"
2026-06-10T03:12:26+00:00,L01813,"_ BA5C24 ( inbound)
L01813 (CM) - WZ5G03"
2026-06-10T03:13:21+00:00,,"= |
a | §

---

&
a
|
§s
-
Hi

---

—
—
-
sae
ae
ae
==
=

---

a
a s

---

>
‘iuluivioidealil ied wie L LOUIE
; |
:
‘.
&

---

a
“34
Rant
Fa
yl
|
ih
My
i |
iy i
i
Wii
i ‘i \
int
|
'
ih
itl
isi
i
i
i
\)

---

a
“34
Rant
\
yl
|
ih
4
Ne
i
i ‘i \
int
'
I
————
isi
i
i
i
i
\)

---

fs
iuluivioidealilied wieLUOUE
: j
:

---

. = —— 4 — q >
a of
if i iy Wh Ih | Ah Hn) {| AW ni ii HaHa} ii Wa Va aeleieeieni|
| 4
‘he
Se 7
| asleep sunlit |il ay Hh Muth CGE it it | Hi Wi {i PORE f cA aaa ee 7

---

a
-
TTT
3 >
ae
red
Hi
tf
Healt
4h
1
q
ail
fa
i
#
Ra
AM
—V
Ut Ny
| il
Alte
\
Ati
ii iil
iM |
""
i
ii
sin
iNew
ye
ey
Hell
|
i
i
\j,
ial
i
te
‘
{4
mn
i
sh iit
Herve
ith
tt
| ii
1h
ii
ii
eet
:
i
a
On
iyi
nb
Hi
a
HH
i
i)
|
Hi
ii]
1
Hi
Vil

---

es
i)
Hi
Healt
1
q
ail
Lda
fa
i
co
Ra
AM
Ut Ny
| il
Alte
\
i]
ii iil
iM |
""
i
ii
‘
ye
{|
| I
|
i
|
\j,
i
gs
=
AG
=
se
~_
-
i
sh iit
Herve
ee
1h
ii
el
(|
ii
Shia
eet
:
i
sits
:
ih
a
HH
i
i)
|
Hi
ae
A

---

r - 4 q -
a of
if i iy Wh Ih H Ah Hn) 1 AW ni ii HaHa ii Wa Vaaeleieeienit
4
he
Se 7
asleep ay Hh Muth CGE it it Hi Wi (i PORE f saan ee 7

---

eee een % ~
7
4 ‘ voy Co a4 7 ne “ i : “ 7 ‘ : oe x4 ’ a es ~ J
lh cme ac i oh i it mM
2
:
©
+
i a yO oe Mat at a Ri) 4 i f DeeARIC AY cil iit \ i i H Ve ii i Hs fl indica ote ; .

---

-
~~ <a
z-
o
wie
""th
a?
|
tl
Wee
Fa ‘
bill
aa:
g.
hs
tr
ni
j
vist
it
i
HT
‘Ni
a
%4)
4
meet
aul
W
a
\
ry
ie
a
ie
ty
:
‘i
if a
:
bee
ht
uid
i
i!
ty
'

---

—— <a:
z-
wan
«a
tl
Wee
ee
‘-
bill
was
g.
i
ni
it
i
HT
|
‘Ni
Hay
%4)
4
Seren
meet
W
a
\
ee were
two,
gg
ry
ae
a
ie
:
i
ti
if a
fe. oe
bee
ht
tii
i
it
i!
ty
'

---

neem z
7
4 Mt voy Co a4 7 ne i : 7 : oe x4 aes J
lh coer oh i it mM
2
:
i a oat a Ri) 4 i f DeeARICAY cil iit i i H Ve ii i Hs fl indica ote

---

'
t
; i
| |
. i
. i]
. 4 | j
oo er ie il
ne I t fo 4
"" / aan ie roth it Wee yy poy . an $
, ek il fo Able po ;
| Lo oy t
; in mye an Pe Lpies er L ae ee
aan a dt iy Ma
cs ae
|
oe Rena
i can We
ok. man “hey t ‘lh “yal A Mate can | Ae {ie it ici a a Ae alia i! Hele cE: pals ;
a hy Why ty li, I if I. Hel jit iit i HM i wail Hi Ge bia eel ' al a hea ede nes .
:
'
ote iy Ha van Nie ‘hel, ik I ("" pa Hae ee Ae AAG et vo ‘ ee pee
:
tell fi he ih fh “iy “fen ie the vehi ne ily ine ca ee ne pe
‘ bets cal boa it the Mi nh ean i Wel il Bay ea Ai a lel a ty oe Sees .
.
ope . .
o ar “oA, hi te Hy a ee a ST : ; :
; ey aa caren an a fa el enn a a ee a
: 1s so Me i .
Py
oa
‘ ty
\ wt ey ;
= .
: : hoa pon Seri th a Bat 4 hace His tit lst the Bate a i tt iit EM , een Lake . .
: 1a
ee : oo
mos |
oe i mot
: Moye ay a ae lei ai yc HEE | aye Pets fi Hee Wee ul
—— hewn a ft ae st ea Fel A Bah: REE: cat Eh ae aah Hie iby bh ehhde ho te
Hl
eee el ee me
i une ;
chee aes
{ we ce il ee Ro
a
4
| :
, a en) a
; o oa wets Se
4

---

ee
ee es
a
———-
n
ty
i
li
Hi
if
a
Hy
Nh
a
tl
Ap net
ay
i
hi
a
i
nl
u
iW
u
Hl
cn
Ch
‘|
Hoy
a
it
hy,
hy
fle
tl
bob
itl
be
4
vite lL
I
i !
No
hoey
nil
oI
""
""
tt
al
th)
‘|
Wt
1
on
i
I
iL
Hh
th
Ha
i
i
tH
i
li, Ni
i
""
ait th
be
I
it
Heol!
ma
fel
tan,
ut
HW
hap te
lia
b
i
tH AU
i
i
il
i|
WV
we
he
""
HI
i. y
I,
il
W
ith
|
eh
ti
fi
(""4
4
ole
iM
ipl
qe
1 |
rf
i
ryed
it
Wy
| tlds
ih
ott
Ley
Hla
a
Haut
‘h i Hea
li
ii
| |
yey
ye
""
Wy
‘I
i.
tH
Hil
i}
1
|
mn
if
Hiri
jin
ra
if
'
illey!
tl
he
Hit
4
i
| 1
Mi
it
(
4
1
Hay
t
ia
rf THe
Ht
4
Ip
Hi
it
I
Hed
i}
wot
a
be
t
Y
ath
i
\
i
yi
in ""
ia
lis?
it
by Hh
in
Hit:
Witt y
th
ib
lr
‘ke rl
yt
a
Wt
att Hye!
i
lt
i
4ltis
I
4
il
i
ye
14
wt
H
""
id
i
nt
al
it
(atl
il
i
ne
i
‘|
ye
ii
nd
th
ud
a
ills
""
4
if
Fill
il
al
vif
""
a
""
Luh
ul
uly
Hy
HL
i
th
""
fa
HL
i
i
yt
its
hy
if
We
ai
ne
ral
bey
t:,
I
it
a
Hes ies
‘i
|
ine
ig
Pipa d
4
rly
i
yo
a
i
idl
111
a
ho
1
i
hii
Hise
ot)
it
{is
it
mo
nl
hit
tl
HH
u
le
th
a
if
iti
‘l)
tt
st
i}
yi
if
it
i!
ip
[
sit
ait
it
'
t
hl
thy
iP
i
4
ft
si}
bib
th
put
{
We
tal
cu
chi
ita
SF
ey
Ht,
i
ut!
Het
wil
a
Te
ta
iy
aE
rid
)
ve
ave
int
i
na
Bi
th
|
reine
a
tif
He
1
ny
ni
Bn
14
Bis
17
Ral
i
Ain Ree
il
""
+]
it
Bi
ey ib
yb te
Hl
in
v'g
a0
ia
ia
ae
fy
id
{
wit
Hy
ays
1
it]
hi
i]
Hh
a
13)
a
Bia
ti
Wit
lest
fel
t
wh
tee
fet
CH
it]
i
iy
'h
i
ha
Ht
Hh
|
Het
VE
ny
Py
Hite
HL
in
af
‘
il
i
ih
if
uf)
ey
i
dea
nm
ie
|
it
i
by
iby
ies
a
Ra
HY
| i
1
Wit
|
re
bs
i
+
|
{t
wed
it
i
ne
i‘
fi
ut
“|
vy
if
ay
rp
ni
a
ntti
al

---

Lane ee tn emer NO
3
- see
~
eh er
3
———-
;
:
—
-
ae eT
<n
a
oe
=
—_
od
ed
~
Si,
eS
~
aed
=
amet
See
on
—
anes
aa
=e
tie
a
ee
=
aoe
~-
-
racks
SGP Ll Sa
Z
a
a
—.
-
2
Sa
a ee.
=
i!
ease
fy LEE
=
Ee
Le el
i
Boece
HEE
=
=
=
Soes
oer
=
moe
a
=
=
=
=
ri
2
a
ae
=
=:
eae
ete ce
=:
os
=
a
a
fan
=
=
ess
=
tian
=
=
ES
=
x
=
=
=
I=
=
a
sep ES
eos
a
=
SESTSE
=
———
=
—
Post
Ss
Se
=
-
eas
=
==
=
=
es
——
oJ
—
aes
=
Peed
=
=
=
==
Tene
ES
_ da ost
at
=
=
=
a
—
=a
Se
eae
= ES
aa
=
Leste
=
Less SSS
ah
53
a
=a
ae
=a
———————
art
FS
et
=<
=e
a
aes
—
cet
=
_
et
=
=e
-
Bi ee
=
————
2S
==
——
=
=
=
=
faery
==
—
ra:
ERE ERER
=
a SSS
=
eS
=
=
=
ae
a
pesca
=
EE
=
oe
an
=
=
ar
avail
=.=.
=
=
Ba
pera
ist
=
=
eet
=
= SSS
==
ews
-ooe
a
ct
=
re
n=
ms
Ea
SSS
———
=
===
=
=
=
aaa
a
==
=
FF
=
=
oes
=
=
=
Ee
a
=
=
=
=
=
=
a
=
=
:
=
=
=
=
=
=
ne.
=
tas
2
=
E
~
=
=
=
===
am
=a
art
—
=
—
=F
=
paca
a
=
=
=
=
=
=
=
i
=n
=
a
==
aes
=a
aot
===
ir
==
=:
——
=
=
Ba,
=
a
==
=e.
=
at
=
=
=
=
=
a
a
—-=
=
=
wee
ES
a
aes
=
i
a
al
Z
oes
=
ase
-=
in-=
=
t=
on
Sirs
==>
=
aS
=
—
es
fe
F
ay
on
—
ae
Lee
=
oe
2
=
<=
=
=
=
pane
=
=
—
—
=
a
=
—
ue,
a
—
=
—s
a
an
SS
o
z
=
=
==
am
=
=
i=
=
=
~
=
=
—
=
me
=
a
—
==
=
=
=
=>
a
=
—
EE
=
=
=
=
SS
2S
Ee
=
at
=
=
=
=
=:
=
=
==
=
=
=
=
=
=
=
es
=
-:
Timers
=~
WN reel
Navi’
tow eae,
_
aetnwaewemeee ee
Re eg

---

t
: i
i
: i
: 4 1 j
oo er ie il
ne I t fo 4
/ aan ie roth it Wey poy : an S
ek il fo Able po
Lo oy t
: in mye an PeLpies L ee
aan ad iy Ma
cs ae
oe Rena
i can Wee
ok man she ili yal Mitel can Ae tie it ici a a Ae alia i Hele cE: pals
a hy Why ty li I if I: Hel jit iit i HM i wail Hi again eel al a hea ede nes -
:
oiteiy Hae van Nie hey ik I ( pa Hae ee Ae AAG et vo ee pee
:
tell fi he ih iy fen ie the vehi ne ily ine ca ee ne pe
bets cal boa it the Mi nh ean i Wel il Bay ea Ai a lel ty oe Sees
ope -
o ar oA hi teh Hy a ee a ST : : :
ey aa caren an a fa el enn a a ee a
: 1s so Me i
Py
oa
: ty
t wt ey :
Z
: : hoa pon Seri th a Bat 4 hace His tit lst the Bate a i tt iit EM een Lake :
: 1a
ee : oo
mos
oe i mot
: Posy a ae lea yc HEE i: aye Pets fi Hee Wee ul
hewn a ft ae st ea Fel A Bah: REE: cat Eh ae aah Hie iby bhehhde ho te
Hl
eee el ee me
i une :
cheeses
we ce il ee Ro
a
4
:
a en) a
o oa wets Se
4

---

nee meme % ~
7
4 i voy J a4 7 ne “ i : “ 7 ‘ : oe x4 ’ a ee ~ }
rh recon act oh if it mM |
2
:
©
+
|
i a yo eo Mat at ait Rit) q i f DEAR cil ii Pit \ i i H Ve ii i He i Taina one ; .

---

-
~~ <a
z-
o
wie
nth
a?
|
tl
Wee
= ‘
bell
aa:
g.
hs
br
gi
j
it
it
i
HT
‘ii
a
4)
4
met
aul
W
a
\
ry
in
a
ie
ty
:
iM
if a
:
bee
ht
uid
i
i!
ty
'

---

—— <a:
z-
wae
«a
tl
Wee
ee
‘-
bell
oa
g.
i
gi
it
i
HT
|
‘ii
Hoa
4)
4
Seren
met
W
a
\
ot
tao.
gg
ry
ae
a
ie
:
i
i
if a
foe
bee
ht
tii
i
it
i!
ty
'

---

neem z
7
4 i voy J a4 7 ne i : 7 : oe x4 ae -
rh rcoenact oh if it mM
2
:
i a WeoMatat ait Rit) q i f DEAR cil iit i i H Ve ii i He i Taina one"
2026-06-10T03:16:33+00:00,L01813,"_ BA5C24 ( inbound)
L01813 (CM) - WZ5G03"
2026-06-10T03:16:33+00:00,L01813,"_ BA5C24 ( inbound)
L01813 (CM) - WZ5G03"
2026-06-10T03:20:01+00:00,L01813,"_ BA5C24 ( inbound)
L01813 (CM) - WZ5G03"
2026-06-10T03:20:01+00:00,L01813,"_ BA5C24 ( inbound)
L01813 (CM) - WZ5G03"
2026-06-10T03:21:00+00:00,,"ie
iii ui aa ‘4 SA roe esa ni .
ro A a ; Pi
a ky ? . my re ip i | t OLE
ill all ila i ANT ll "" mn, aa
\ ’

---

oo
ti
oo.
‘i
—
‘|
i
i
aif
i
a
kl
ot
ih
i)
\\
il
Hal
the Whe
ih
}
i
li
ii)
ih

---

ti
oo.
‘i
—
‘|
i
i
aif
a
ot
ih
i)
\\
i)
the Whe
ih
)
}
i
ih

---

ie
iii ui aa 4 SA roe esa ni
oe : Pi
a ky mye ip i 7 t OLE
allie iNT n maa
q )

---

i
lls | boa ' Li i M i ee ” ' ft ry
a ay! iw ih NL No ie ee |
: 7
; i
‘
, /

---

— 4+
7
i)
ott
Hy
¥
ih
iM,
i
‘|
Ni
ih
4
i)
: t 14
JUL
\)
Hal
Ir
i}
Hell
i
\
He

---

— 4+
7
il
ott
¥
iM,
Dh,
Mi
ih
4
i)
\)
m a
Ir
i}
wa
i
\
He

---

i
oe lls boa Li i M i ee : ft ry
ay iw iL Noe
: 7
: i
/

---

ey, MN et. | i. , . aaeiale cul %;
ity ‘4
|
5 4
ry q
|
|
| |
ee i lanes

---

— a bs
pF.
* «a
i
}
jul
Hat
Wet
ul
vi
i
a
ia
|
i
|
ui i
iH
[).
4
a
in
i
Hi
ili i} iy
lf
A.
(ay
bin
/
a
I
| lt
MH
I
i
‘|
if
|
""
i]
|
1A
Till
iM
ti
I
it
tit
Hey ft
ii
ait
| |
i
i
it
HW
HH
Ht
Mi
UD
th
i}
ft
Hi
Wi
:
Hh
Hit

---

——> +
>
~ a
i
il
i 4)
il}
it
yet ag
vi
Mb
ae
i
H
| Li
|
|
\
ih al
hi
i
it r lf
(ay
ji,
a
li
\\ ilt
i
nl
i]
iM
I
-
it
tit
eit)
ii
ait
| |
i
i
HW
HH
Ht
Mi
UD
th
i}
ft
Hi
Wi
:
Hh
Hit

---

ey t-- -aaeiale cul
ity 4
54
ry q
)
elaine

---

fo.
vl Pat iy ‘We ‘i Me yi dir i} it lig wm Mi, A A 3 eee A ; . - :
sti ll ‘we if Mi Payee ee ae f f , ft a ie
*
1
6 V]
|

---

— y-
-
-
ee
i
ut
My
ee
in
{ul
a,
Al
wa! ON,
Wolety i
eit it,
Lott
I
1 4
iP
4
Kal
\ r
mh ‘
iI
It
fy
ih
ua
7
|
'¢ :
7 f
it
J.
fui
Hitt
an
i
th
fi
i
i
ane)
a
I
i
ii
‘
'
|
{etal
id,
:

---

— y-
ee
i
ut
My
ee
tii
in
{ul
a,
Al
wa iW
Wolety i
eit it,
i
\.
I
1 4
4
\ r
mh ‘
te
iI
It
4,
fy
ih
7
|
'¢ :
7 f
it
J.
fui
Hitt
=
an
i
th
fi
i
i
ane)
a
I
i
ii
‘
(
i
{etal
id,
:

---

fo
vl Patiy We i Me wid i it lig wm Mi A A 3 eee - :
still we if Mi Payee f f : ft a) ie
:
1
6 V

---

7
'
{
‘
'
'
\
>
om )
i | | |
, ane A
| | i in ! | |
,
7 a Th, I thon vn ih ! vt ils, \ ‘ Hi cu Weg Pela ;
vo 5 the 4 nn 5 I Ie ay he thal ie he, i il ay ; i
nent h ih, el “fe Mech ie |
. sgl
' Ns it ari it i ty H! fash! ie a Luna ala a ia i aly aul Rd ab ee ae a : :
oe Ti, Mh tA Wn “Up a i iH Hs ed a Gia a a :
‘"" Me 4 iit! hi LA i “ie re ao ae ae ae :
a “ii ‘th; 4) ""ae in H Hal i 1 i Nee fa sigalle (PE ae Alc iil Aa ae a . ,
th ‘ti ‘hi ie inh al fel ii oe Me ae ae oo ee Ce - -
I hi tr fe oA ""Wd | igi ‘i a Ha Hen ip i HELE Pie ae :
woe 5M, yet He hy acl 1 aie i ‘ el fo a a ee) ii Lo .
ae ‘il in iyetl ain i ae al va oe :
i ah inh on a a Net We ee itt ae ee cite) ae Le ae :
iF hy ty cal Oy, tt We aa if, Pelt HS aa Hig he ae fait el ‘ful al ae el a a a i: a :
\"") hes aa ith arn le on Heal R Teal ul a i ie vite] fae ne i _ o cc. |
lk ty eee jicle Henk if ihe ve sal a ae Lal ae .
:
at ihe Me oe ce ae
1 an Ndn ie 28 and ae a , eae SE ice ae oe me . a
yi oe Meee My nl ui aa ue al Ae oa
ao
an ped vote We a oo ee ae .
co
an ey toa ie ht ce : wee ! aa mea i Sa sat i ah ii ae EE i i : / | / :
t ee ane Salah a aH "" rt a a Hs te ela He us ER et le és Be yt . :
: . a 2 oN Bi Sian eb alas iy ea eae! i Ei Pie ey Peis 4
ts
}! 1 . : a Tage aoe ay fee
;
{

---

on
ae et
wes
—- oe
«
.
a+
~
*
ae
tu
""
n
u
q
yy
b i i
in|
my
yet fe
oT
it
| t
""
I
My
""
ci
II
i.
ody de
u
in
Lk
u
tt
heb
i
yyy MI
mn
a
L
tl
Ay
ol
an
in {i
{I
if
""
""
On
in
tr
Hye
Hp
i
hy
A
|
‘|
|
‘|
""
it
lt
vie
\
iy
iF
""
‘bt I
f
I
i
i
May
Yi,
u
\|
i
ut
i
in
‘
ran
HY
a)
! 1
fy"" ‘
in
it
‘fh
i
Hy
if
I
i
LYS
if
't
It
4H
any
fa
M
Me
mu
by
hou
AI
‘\
i
1
if i
‘i
aia
if
yt
li
i,
if
\
uy
it
an
mil
ha
| '
|
i
fins fie ;
fhe
yl
\
uy
|
‘t
[es
i
iy
a va
i
in
ilt ‘|
i
\
]
|
HI
if
nl
if
th
It
lh,
MW
|.
ti
AD
at
‘|
vir
pip
rill
in
4,
i
ff
HE
i
I
i
Hy
i
{1
i
“
iv
,
4
il
U0
fil)
nt
lf
Hl
il
me!
it
I
Ma
ra
tj!
ita
n
d ivi)
hr
th
i!
HF
ime
| i]
1
if
HI
Ay
i
|
pat
""
ht
pl
H
wild!
iF
I
{fi
ply
ih
Hl
|
it
it
it
iv
itt
il
Ne
un
iH
Ht
i
is
it
in
Mm
n
iy
i
it
ul
ih
f
a
bt
‘lt
h
i
ff
fle
iW
ait
""
a}
fl
ft
Ft
a
tt
a
He
Rint
HL
i
‘i
rt
!:
He
it
4
tH
Ht
ti
Vad
tt
tt
nf
iH
| 1
iM
{) aL
Fi
fi
iit
efit
af
3)
if
¢] Sat
vi
14
ii
ny
if
HY
it
iy
eh
We
Hy
iy
i
1 ft
si
My
tal
th
yr
1p
iH
Rt
ye
mn
i
pt
HY
4
ty
i
NY
fi
i
i
it
iB
. yeuiitinne
Hi
{ya
4
iL
5
ht
sf
Hi
a
-
|:
ht
fa
iH
an
de
te
ha
it
iti
:
He
Waitt
qi
sii
iat
bids
ei]
i
nat
|
Ri
i}
im
ic
""
HI
n
iy
My 1 uf
i
a
if
W
va pee
""
1,
""
nat
a
m
fn
it
aad
if
wey
yy
ms

---

Saute
ee
=
7
Ae
ao
mats
piemertanes,
ae
-
=
=
=
=
a
—
x
a,
—
a
=
=
=
=
=
-=
=
=
=
=
=
=
=
=
=
=
=
=
=
=
=
ss
=.
=
=
ase
a
=e
—_—
=
=
—
=
=
ai
<=?
=
z
=
=
—
=
Te
=
=
=
=
==
=
—
>
—_
=
—
aaa
=
=
—a
S
oe
—
—J
rz
oe
—
—
=
TS
az
==
—
=
=
==
a
=
Be
ES
=
=
==
——s
“<5
=
=
=
=a)
Le
ae
es
_———
=
=
--
le
To
mot
=
==
=>
—
sz:
_-
—
=
===
=
=
ee
=r
=
———
=
7
=
=
=
-:
=
peers
-—
ae
aa
a
25
ae
=
=
——-
=
==
=
=
=
=
aa’
=
=
=
=
=
—— =
=
—
os
ae
=
a
—
a
=
=
-=
oa
=r
——
—
ae
=
es
Sess
~-
fees
wae
=
a.
ee
=
=
=
ss
=
=
pee
=
=
pores
Soot
BH
aes
——
=
——
Ss
—
=
See
—=—
Peete
ees
=
asso
Sonia
mebeoeet,
at
oe
=
=
ate
a
=
=
Sat
ace
--
=
=
=
aSs=
—
=
25,
=
i
ae:
ml
=
—
=
—
=
os
SS
=e
=
=
=
=
=:
Be
=
es
Syste
ese
—
RI
=
ae
eae
=
=
jase
==
ace
anes
os
=D
—s
-tat
DUHETTIS
=
axit
--
ad
can
a
ee
=e
iesce
ae
—=
juciry
=
—
x,
=
ant
22
oe
=
=
—a
=<
S26
=
sete
seis
x=
ei
ait
Ps
ee
—
--
=
=
me
ae
ow
ete
ca
2
=
é
!
:
te
=~
=
eee
-
wor

---

7
I
t
-
om )
i ) ) )
ane A
i in
)
7 a Th I thon vn ih vt ils Hi cu Weg Pela :
vo 4 5 the 4 nn 5 I Wey he thal ie he i il ay : i
nent h ih el ne Mech ie
sgl
Ns it ari it i ty H fash ie a Luna ala a ia i aly aul Rd ab ee ae a : :
oe Ti Mh tA Wn Up a i iH Hs ed a Gia a a :
s Me 4 iit hi LA i ie re ao ae ae ae :
a iiy th) 4) Tae in H Hal i 1 i Nee fa sigalle (PE ae Alc iil Aa ae a )
th ti hi ie inh al fel ii oe Me ae ae oo ee Ce - -
I hi tr fe oA Wd igi i a Ha Hen ip i HELE Pie ae :
woe 5M yet He hy acl 1 aie i el fo a a ee) ii Lo :
ae il in iyetl ain i ae al va oe :
i ah inh on a a Net We ee itt ae ee cite) ae Le ae :
iF hy ty cal Oy tt We aa if Pelt HS aa Hig he ae fait el if al eel a a a i: a :
() hes aa ith arn le on Heal R Teal ul a i ie viel fae ne i o cc
lk ty eee jicle Henk if ihe ve sal a ae Lal ae )
:
at ihe Me oe ce ae
1 an Ndn ie 28 and ae a : eae SE ice ae oe me : a
yi oe Meee My nl ui aa ue al Ae oa
ao
an ped vote We a oo ee ae e
co
an ey toa ie ht ce : wee aa mea i Sa sat i ah ii ae EE i i : / / :
t ee ane Salah a aH rt a a Hs te ela He us ER et le is Be yt : :
: : a 2 oN Bi Sian eb alas iy ea eae i Ei Pie ey Peis 4
ts
: 1 : a Tage aoe ay fee
Fj

---

fo.
vl Pa tay ‘we ‘i ee yi dir i} it lig | Mm, Ae A 3 eee Aa ; . , :
sli ll ‘we if Mi Payee eae f f , ft a we
*
1
6 VJ
|

---

— y-
-
-
ee
ut
My
ee
in
{ul
wR.
Al
i |
Wolity i
eit it;
Lott
I
1 4
iP
4
Kal
r
mh ‘I
iI
It
fy
i
ua
7
|
'f :
7 f
it
J.
fii)
Hilt
a
i
th
fi
i
i
ae)
a
I
i
ii
‘
'
|
qed
i
id,
:

---

— y-
ee
ut
My
ee
tii
in
{ul
wR.
Al
war
Wolity i
eit it;
it
\.
I
1 4
4
r
mh ‘I
te
iI
It
ay
fy
i
7
|
'f :
7 f
it
J.
fii)
Hilt
=
a
i
th
fi
i
i
ae)
a
I
i
ii
‘
(
i
qed
i
id,
:

---

fo
vl Patiy we i ee wide i it lig a Mm Ae A 3 eeeAa :
still we if Mi Payee f f : ft ae we
:
1
6 VJ"
2026-06-10T03:23:42+00:00,,"ieagal he ibaa r= .
Le 0, ia Leh i ae | AL My “|
oh ""0 ‘th if | i Pe Oe | ;
tle ae “hi q ie og |
an ri i lig i
ia iy ev ull

---

—
i
i
li
il
Mh
i
q
Hi
i
mT
iit
ih
/ nb UT
}
rm
i
i
i
4

---

i
i
li
il
Mi
i
q
Hi
\j
mT
|
ih
/ nb UT
}
rm
m
i
i
4

---

heap ibaa r
Leia Leh ae ALM -
oh 0 th if / i PeOI :
tle ae hi q ie og )
an ri i lig i
ini vill

---

ea ee 7 ad
i hii «til ll "" ve LO , ® ;
as 4
Fy

---

— +
on
i]
Hit
i
Me,
ii
ih
a
i)
im
ls
i
ay
}
i
i

---

— +
on
‘i
i
il
Me,
Mi
ih
i)
im
ls
i
a
il
ms

---

ea 7 ad
i hii till veLO :
s4
Fy

---

— 2 Se eel | -
ae eo ye ee . 7 .
wl iil ill il aif 2 AN i PANU) : , ae
CUM HTM GH al AA | Stal shied) ili Halll Hal jt (hi ba
iat Waly Hay Fen eealt {Peel eeu eeu eet Welt 1} fe
; j
‘
‘
7 p
TAT bg 1 ee ALU ad ee ta RL WIDMER Nt eo TA NVivdalsed tess ea: HEU a Hee Pe ore bea 0 a tN ada Le TTS a Nar ee NO Tee 4

---

on”
(ural antl
Hi al
en
i
Ih
tt
ie
iit
i
4\
%,
iN
il)
ul
Hall
i
|
1
\
i u
a
Hi
i lh
i
He
I Ht iia
i;
nu)
i}
ath
iL
J)
vail
i}
MH
1)
i
Aga
i
1h
ri
(i,
ii
tk
i)
|
i
1
mit
Tes ees
all
ie
Mi
i
i
te
i
i)
|
fil)
He
i
{!

---

Tm
of a
(ural antl
ui tpl
en
i
Ih
tt
ie
ed
i
oe
%,
iN
il)
i
|
1
\
i u
i
i lh
i
He
I Ht iia
i;
a |
|
J
i}
li
1)
""
Aga
i
enters
1h
ri
(i,
tk
i
i
1
mh
Tes ees
all
:
Te
ie
Mi
i
i
te
a
Ht
fil)
He
i
{!

---

-o Seed -
eye o 7
wl iil il aif 2 i PANU) : : ae
SUMTHING al AA Stash) Halll Hal jihad
iat Waly HPatyiFenieealt 1VPeeleeuyeeurieett Welt fe
j
e
7 p
TATbg 1eeALUTadeetaeL MIDMEDHNteoTANVivdalsedtieseeea: HEUaHeePeorebeaaa tae TTS NOTeeu4

---

. ~ ee Ee B | _
oo
. Boag ty a a et “ . nr ee : ie . SE a e ‘ .
4. tty ‘he sae t ty h ‘eal { mel, Bl ‘ yf 3 re vie fT ; oe
e
*
é

---

na te
-
-
Po oe
Hf]
&,
He
ti
""
iw
*,
4
he
i
¥
tat
>
sf
th
I
ny
-
BiH
“iid
“4
he a
""
‘
at)
di
wh ‘el
ep
é
iy
14}
VF
bl
i
tal
Ha
“
th
Ri
(oe
Lyrae
iH
i
Yi
i a
(
I
que
i
yh
te
M
HR
i]
Wy
Hy
:
i
Wh
hails
8
hatte 24!
By ot

---

na te
Po oe
Hf]
&,
He vy
lf
ti
""
iw
*,
4
he
i
;
i
}
a
4
sf
i
hi
I
ny
BiH
|
a
!
f
a 4
""
‘
Mt
i
is Ip “hy ls oi
é
ee
H
4
bl
i
ny
“
Me
iH
:
:
‘
i lt
que
i
yh
te
ce 3
M
HR
i
ral
Hy
i
i
Wh
hails
8
hatte 24!
By ot

---

: Ee Bi
oo
: Bott a nT et ree : ie SE e
4 tty hath eal mel Bl yf 3 evief oe
e

---

. \
ot \ : i
: os oY wt do
. ‘ my : Be wee oy "" "" i * m4 fe :
Ms ‘he nt ye Meo a Py t me ,
moh, Mes oH Wee he Hy ste aie Mw ahd Hor try roy Lo yoy
5 by tee 4 a Nk ey pd Tl hoy hop a co . \
Me te a ste ht h, wee hd hy PER
bil i fll wth “il i ie Hill WT ih ele edhe tel Ae ja APA ied ie itr gl . b
eh gag fa a {yt A ee HH As Bea UG ale Fld halal ded Pd : :
ee ages UA AY oh. UOT Oar in hin a oe ‘
ieee Pte Baty i ial Ue, tha peli He GE | "" NA Hh 1). Heil: belle i alll Bahl ‘yf if ih tape opt oh bog :
ya Faun hh Heth a ee ‘i eee ne tl esp Gane He hee Pep ;
i ee
SST ae
ee
een ear caper Metre! ea gaat ae het ee Sei on
fed ane eee tect i Serer iF i ee Cen UE eee whe
a Tyee Ey ty Bie i aE ae ee Ps : .
CASE aie ie a eRe Ahi Beate RRB ted ag ag Reve Sc et avase thst TPP Shee a.
wh de® SCRE Ph SRA A era ciithaae dish Hey no Ria yr) ae atin het fl Baim te ey eae He
Penida Nr Qe ahs Parare Pree ul Sy fat tte eee fist Seas ea 4 Hele) cen oo . :
ry By Soe a eae re ea Raeeeipueire rae pra Abt ied IMEI CES Rit heen ine os eee lay: Bares Mises aro es nj pu faces .
. iI (UES ne SRE Wye Seam 4 Hebi (eel ACH TREE HY ae ages Papa ge Pattee eh hedge tbs”
oe Se 7 |
be, 1 vy Re RA oplun i Wedel i IARI oa a
F Hi oye, AP or sl Apia : : i ‘
I oan
;
}
7

---

eee a ee mee
—
~m
—
~
-
ene
mn
i
Hon th
yt
hy
ifn
a
iy
ht
ty
I!
1
hon
Mal
i
4
\
hy
i
4
hy
i
if
i
1
He
un
!
th
{i
""
af
1h
it
i
M
Ls
i
it
Ht
4
va
4
u
4
[I
wi
|
nti
iY
i
iff
th
'
Ih,
I
wilt!
hoy
i
I
ye
il ;
aeintts |
fhe
a
hh
A
rl
tas
fa
i
me
i
lin t
an
li
it
HI
il
a,
A
j ite
eli
H
ine
i
th
i
|
ey
u
hb
ran
a
1
ia)
uj
i
il
ig!
ult
ea
""
I
i
‘hi
i
H
|
H
ii
|
ie
au
it
tly
‘|
rau
re
i
:
‘h
eh a
hal
je
pity
iH i
ih
in
jv
wilt
:
el
""
me
it lt i
]
vl
ii
ral
i}
nC
ral
Ral
|
it
it
h
yea
nal
ii
Ih
it
in
at
ped
he
‘fi
fey
i ait hoe:
ey
il
Hy
|
""
if:
Hal ta
it
rH
ped
alk
aye
fa
it
aft
a}
stielt
yin
i}
i
iy MES
tlt
i
iH
vill
eae
al
ti
i
uh
't
ah
i
ah ab
ha
p
ie
iL
itt
lt
rfl
b
if
rath
fh
uh
hh
f
ni
it
”
rn
{
Af!
ihe
ht
qu
in
ih
é
‘ph
1
fi
i
fi
int
i
1
nt
rata
an
Hy
iH
i
7!
if
en
Y
if
4 HEE
thy
A
i
tt
Fr
Vif
a
""1
ida
8
he
Hi
tr
rf
ni
(i
in
a
Hey
tf
fe
it
ui
i
iy
ti
r
a
if
ppaafi
hi
ty
wi!
""i
fi
Alt
Hidy
iy
i
i
ey
iy
Wi
Bias
a
if
Hi
uy
nis
a
1]
it
Vy
na
le
Ait
ai
i
uj
LY
t
La
th
Heals
He
fi
ti
”
tt
Ri
Binh
1H
i
4]
Hi
i
""
a
4}
ity
if
Phe
ai
in
Aa
it
ted
Ay
Hae
cai
fu
:
HF |
bea |
it
4 t
HH
a
FI
Wii
hfs
l
aan
i
iH
iy
hay bi
Ww
rye
hh
hts
‘
in
lay
im
il
ry
pre
ih
|
Mn
An
ye
i
""4
ry
uey
iy
a
fp
Mh
i
il

---

Tn Se ree oo,
=
a
os
Baty
_
rs
es
mo
=
—
—
=
=a
x
=
=
=
=
=
=
=e
a
=
as
_—
me
=
=
==
=
=
T
=
z
=
-=
=
—
=
ES
~
a
a
=-2
a
=
a
=
a
=
a
=
—
=
=
=o
i
=
=
=
=
=
J
=
=
=
=
=
a
=
rete
=
=
ae
—
ae
=
=
——
=
=
=
=
—
a
—
=
—_
ag
=
2x
a
= >
——,
——
as
ae
cm
oe
aa
Ee
aa
==
_
==
wae
aie
—
a
——
==
—
TE
os
etd
oan
—
==
=
==
ae
=
=
—
es
=
=
oy
oe
=
=
= ne
=
a
—_
aA
=
a
=
es
sas
a
——
=
=
Ss
aa
a
===
==
—_
—
=
—
——
=
~—
=
wt
=
ao
—
=
=.
wl
=
aa
S:
=
<=
——
=
=
poi
eer eeea
=
es
==
eee
=
==
=
==
woo
es
——
a
——
=F S
=
=
=
—
oe
teers
i
aS
———
—
a
pa
a
=
=e
==
=
mas
es
ss
=
=
—
=
es
=
=
——
A
Lo
a
=
—
——
a
—
Fs
=
--
=a
es
=o
=
=
eae eret
peptecc tera
Sa
ae
on
aad
pa
eae
SELES
eat
oe
—
=
oo
=
Ss:
==
i
oe!
=.
=
~
oe
—
=
-
az
oo
—
SE
=
WSS
Sa
SS
aS
=
BEDE
eat
=
id
ES
Tre
SS
re
WILE
=
Se,
=
a;
at
a
=
=
==
z
SSS
=
se
eres
i
=.
=
_—
LE SSS
T=
Ses
een een
=
—s
eee
farce
=
panacea
IETS
=
-- wl
mn
ae ETE
=
a
_—
=
=
=
——
aoe
=
=
=
=
——
=
=
-
Z
ae
ae
z
foe
sauce
=
omer ee
=.
te
a
a
_
me
eee a ee mee
—
4
‘|
ene
—
oo
emer weet
-
ae ore
.
—

---

ot : i
: os oY wt do
: : my : Be ieee i : m4 fe :
Ms he nt ye Mea Py t me :
moh Mes oH Wee ystet aie Mwah Horry roy Lo yoy
5 byte 4a pd hoy hop rr co :
Me a steht h weed hype
bil i fll wth vil i ie Hill WT hele edhe jae i-th b
hae a fy: A ee HH As BmaUGale Fld heabatded Pd : :
eg oh OOO infin a oe
ieee Pte i ialtUe tha peli He GE NA Hh 1) Heil: belle i alll Bahl yfif ita bog :
ya Faun hh Heth ae i eee ne tl esprGanee He hee Pep
i ee
SST ae
ee
ener capoeira) ea gaat ae het ee Sei
fed ane aeetett i Serer iF i ee Cen UE whe
a Tyee Ey ty Bie aE ae ee Ps : :
CASE aie ea eRe Ahi Beate RRUBHtedg ag Reve Sc etavasethgy TPP Shee
wide SCRE Ph Sauer ciithaaetiah Hey no Riayraa) ae atin Baim eye Heo
Penida NQealahs Parare Pree ul Sy fat tte eee fist Seas ea 4 Hele) cen oo : :
ry By Soe a PaCeeareea Raeeeipueirerae pratt IMEI CES Rit heen ine os aeeealay: Bartels aes nj pu faces
: iI (UEDSneSRE Wye Seam 4 Hebi (eel ACHE eae Pabage Pattee eh begets
oe Se 7
be 1 vy RA oplun i Wedel i IARI ae
F Hi oye Bors Apia : : i
I oan
:
7

---

. ~ te en B | _
a.
. Boag te ell Se ety es “ . nr ee : ie . SE ee 3 ‘ .
4. tty ‘he sae t ty hy ‘al { el, Bl ‘ yf 3 re ve fT ; ae .
e
*
é

---

na te
-
-
Poa oe
Hf]
cf
He
ti
""
iw
*,
4
he
a
¥
at
>
if
Th
I
ny
-
BiH
""iid
“y
ert
""
i]
at)
di
ve hel
pt
é
iy
4},
.
fi
i
tal
Ha
“
th
RG
(oe
Lyrae
iH
i
Yi
ia
(
i
qty
i
yh
te
M
HR
i]
Ny
Hy
:
a
Wh
hail
8
hatte 24!
By ot

---

na te
Poa oe
Hf]
cf
Hey
lf
ti
""
iw
*,
4
he
a
;
i
}
a
a
if
i
hi
I
ny
BiH
di
a
!
f
a 4
""
i]
Mt
i
is Ip “hy ls i
é
eee
H
4
fi
i
ny
“
Me
iH
:
:
t
i dt
qty
i
yh
te
be
M
HR
i
ral
Hy
!
a
Wh
hail
8
hatte 24!
By ot

---

: ee Bi
a
: Bott ell Steet es ee : ie SE 3
4 tty hath al el Bl yf 3 revef ae
e"
2026-06-10T03:24:58+00:00,,"q pl ng la iii ee Mes ge th
LA ill a i ill im H yf ee a, b | 7
iil i IN
-
q

---

i
i
a
il
ii
ii!
Vi
an
Hi
i
t
\ ij
[)
'\
i
oie
i|
Hh
Mi
i

---

i
a
il
fai
ij
i
Hi
i
\ ij
|
i
[)
'\
i
oie
,
i|
Hh
i
Mi
Hi

---

q lng iii ee Msg th
Lilli a ill im H yf ea b 7
iil iN
-
q

---

be
ve ill se Halal "" ki we Pe ee
‘i cal ie fee Has Su i Fa tee a «
i ii \ i! 7” aq ‘hi \ if jl il Hil il ] i 7 . F —_ ’
ee ET ee ee ia e p
>
il 7

---

— at
“a4
ee:
Nl
i
iii!
|,
*
ii
ij
i,
i
ih
ij
tl
Hi
Ti,
'\
il
i
i
:

---

os
Nl
i
|,
*
ii
ij
i,
i
ih
ij
tl
mg
Hi
Ti,
'\
il
i
:

---

be
veils ki we Pee
cal ie fee Hau i Fe tee a
i ii l i 7m aq hi i if jl il Hil il i 7 F
eee iaie p
il 7

---

- ~ ” Selectmen b | 7
( if en Mi Hodis Ly htt Wey ‘lt, dt v et it F ae ee
elie li ‘A te Ce ee eve 8 18 7  :
co
|
s oy) TEPER RTC TR aE Rennes tty PMT EG kc eer Ta ORT ij 143 HAAN Wide aga AS psi Riletiiass Ni) i (: = ‘
j ‘4 al At Ot ana RAR ROY a H ah SAAN mi Nt "" HR as HN RANE he Menta lit ; i

---

—— +
as
o-
1a) ft
i\
te Y
ids) i}
ie
4
‘i
| ij
i
my
i
,
HH
li
il
i i. Hn
i
\
i
ml wll
f we Ha
AL.
&
Ali
i)
il
i ‘
i
‘il
Hi)
il
\|
HA
1)
i]
i
Wun
i
ull
\
i
i
iff
:
Fs
Ai
:
he
'
Hi
uth
i
{
a
it
nis

---

i\
Wilh it
ily L Aidty
ie
‘i
i
my
i
4)
HH
A
iW
il
I
i
=
|
fi
i)
i
Hi)
|
i
I
|
1)
i]
i
i
itt
ull
i
Hi
iff
:
i
:
he
'
Ae
i
i a
it

---

- - Selectmen b 7
( if en Mi Hodis yet Wey lt dt v ett F eee
elie A tee eie8 18 7 :
co
s oTyyETEPTRTCSTRaeE Rennes PMMA ij 143d psiRiletiiassNi) i (:
j 4 al At Ota a H ah SAAN mi Nt q HR as HNRANEheMeRStealit : i

---

i a ~
‘ “ 0 My ' iby "" ‘i n . mm. .
oe Ap Mg ‘Wal fo owoe . tt ww 4 ‘ ? an x
ally “i tip Mh td a, Ye | a ia nil iM: yl a yl 3 . AS
»
° .
j
° Parade seo adalah di 1 UR a bla iat, HEU at dct (SCA oes PR baht ES ee ome . ’ a,

---

---—— 9 -
o w
on
fan
on
hyeus
it
i
i
4
Bx ON
wy
at
al
it
i
4
iy
(""7
i ‘iy, iy iy i \\ su)
HB
Ht al
heh
q
in
Hig
i *
uh
if
;
$
t
4 ai
j. 4
i!
i
4
Ai
fon
OR
.
unt)
ie
al
it
HH
at
if
it
i
""4
i
na
it
il
q
j
Dr
hee
Pe
iy
Rhett
at
a
Hee
‘hit
My
i
all
te

---

——
a
on
hyeus
it
i
i
4
Bx ON
wy
‘7
at
i
im
aM
iy
(""7
i
vi
ve
‘iy, \ on ac ia
4
yi
Lg
nr
$
i!
i
4
Ai
ate. Se
i
ie
al
it
HH
if
it
""4
i
na
it
il
i
q
j
Det
hee
iy
fe Ht
nit!
Ui
nt
/
i
Hee
‘hit
My
i
all

---

ee a -
0 My iby i n m-
ep Mg Wal foowoe : tt ww 4 s - an x
allyl ay ia nil iM: la yl 3 - AS
j
Parada HHEUMlatdct (SCAR ESO a

---

'
,
a ‘ '
{ : ' \ I og ‘
| Paar Hs Ly | ri oe ' : i . % - i
ps le iy cil be A in en Lt ae poe
oan WH, I el i Luly ‘les i ir eu) a Ph idl ee a 1 ED Ihe ee: ed
sls vied ily ie eh i
ole, et Ai ‘bey ‘[:3) aauie ace iil ih ele ‘ie i {| Le jel ait date jldin 4 jie oe i seca ie oo
ng i ty i th a Tet Ht We He ihe el ae a ote aa et ea oo
vy Sey i a ‘ a PS
;
. ‘ bi inte ee aL ate ahh ea wal ileal ee ay eee oe tee |
i wi i _ rill ! i ‘| Mi te i TH Seals Fie rile ey cent ee ee eae seta J
fay hath pet he ‘ilk “Tylle ath uel ! il Bea ie FEE FATE ee fd ee ae area :
ty, ithe if I ive te He ier (ea Sit ce kde Hee ae des a
pie teh! ua Hh hs ‘el Ne ae oo oe ee eo
i
dil wl aE en i fe Pe ee ne Lee ee .
: ion Me Say ee ted, hl eUb pe Sarat Alte ae alice if tifa eeneE ce Ata fai ee HHphg sages Ben . :
: yo Pace ar ek ae a it ae eae, oo “
: M eats ue a a ae ee ee Bee :
‘s | ;
.
we ma ane a Heid, ea ea aeel ae age RSLS ad eo: ae
—
ose BLE been nest ij oo ae Hy oo
.
ri cee see oa a ab eal ce i CORE ata iat Ih eit ets Hl eae aes 44 in my :
. ee
a a -
— ae
on a Se a) ae coe if ae EBL mee ni Ae i ee fh a | -
po: ee eee na sa : he pags
cH Do aban yk. Ssh ass Eyal ais it RES Ha yt ee ata it al Hint a RRR aa hi He i ee eu ER fe i i me fi 4 ae |
: os a eee :
: : s .
| - ae ne HERR =
| ae se
a ~ ; ACE T EY areas
i ; . : era bred i i Hy I sel he PEE g! ‘| BHT oe Td: fed nat dy hee me na von
| : ike ee ""kat ate inet Bewta
5 ‘ 1 es : eee ‘ piisenc pth
| oe ae OE
Co "" ane at, Smee ILy
{ !
a“ | :
|
q

---

ea ele = ane mii
oe
—_
—_—
ae
a
—-
in
in
i
nm
""
“o
iv
y
""
Ny
au
n
Ie
K
if
yi
p
ui}
hy
4
te
ai
1
i
it
Il
i
i
i
if
up
Wey
\
tt
vate Uy
‘i
""
an
d
ol
il
1 j
\
y
iy
i
Ih
4
sity
vil
i
all
vik
the
4
u
‘l
""
ii
ih
I.
Lo
ey
iu
sl
Ht
let
|
u
?
ai
(yl
fit
i
|
i
ite Uli
ith
il
;
by
Aka
Me
had
hr
i
4H
A
| t
{i
ul i
i
ae
ifs!
13
ed
aa
|
i a
dl
vl
tty
tt
is
©
i
an
i
ryt
flo
‘|
yt
Ir
tf
fa
Bo
al
|
, |
‘|
di
rll
i}
‘|
1!
i,
vill
jh
bon
fi
ha
|
hat
| 1
I
i
My
it
ile]
di
heat
im
A
!
cy
mt
4
iH
Wali
ii
eat tbe
tid
ir
Ih
th
in
i
aly!
qi
ao
il
mt
I
i
|
ays
itr
tl
i
im
hy
ri
4,
il |
bilud
j 1
it
fhe
ui
| |
ai
ih
alt
{i
1h
h
ui
ih
a
ith
in
I
‘ote gh
iM
iit
ial
KH
aa
af
i
Wl
i
we
\,
in
my
nn
ba
rl
il
4
r
eli
ft
Safe
“ai
Hy
ist
He
th
it
Lat
iti
i]
%
ty
bas
He
Fe
iat
ah
a
a
ne
an
j
1
nt
it
it
Fi
iAH
i
i
Wt
ae
ey
tis
uf
in
aft
an
ty
iki
iG
HE
He
‘i
ith
a
i
i
is
4
iy
att
chy
iy
+
|
aH
i
{th
na
it
ing
at
ry
in
Hi;
ti
Aik
Gi
at
fi!
i
|!
ue
if
Te
i
ul
By
it
a
rE
ait
“
hy
i
Hs
i
a
We
Hid
i
us
if
i
|
in
a
it
i
il
UHIGe
it
L
nit
|
an
iH
Hl
1
in
al
hy
tl
niet
vat
is
ih
(by
""
ha
a)
ml
iH
|
|
Hi
i
1
Hy
ij
|
4
“
u
fu
Hy
it
Vy
be
""
u
oN
{1
aq
tl
yy
ta
tl
ty

---

ttt
‘
1,
{.
ft.
a
=
a
ess
ea
Es
~ =
-
a,
o—
ec
z
a
ae
a
--=
St SEesto
ae
=
=
=
=
sates
ane
cared
E
aes
=
<
=
te te
“a,
ane
Snare
a
aan
oie!
as
=z
2
se
ZS
=H
Ess
SEeidaeey
—
ot
—
ees
Wee SE
=
=
a
en
= SES SE
=
a=
se EE
wee
at
SSS
SSS
ae
fet
a
234-20
a=
a
===
—_—
nay
Soe
=
=
=
a
eae
=
See
a
=—
oe
SEES SS
eee
seers
=
=
fo
ee
=
r
=
Se
=
==
= its
a
2s
o>
Sr
a
a
+2
ees
232
FECT
es
a
— ats
tos
SSS
ad
2S
=
ao
EE
=
Sone
Toe
SSeS
=
oes
Ste
2
=
=
=
— aS
Ss
ae
=
=
ia
eeemers
=
=
oo
——_-
EEE:
=
==
eS
SS
=
eas
=
aa
_-
Le
=
=F
=
ee
ES,
ae
=
—
=
i
a
=
a
ae
as
ee
tt
=
=
==
mane
=
=
acs
=
z
=
=
————
TF
r=)
a
=
-2.4
—-
—
—_—
pees:
peers
pas
22
ES
a
=
Te
pa
aa
———
Eee
==
—
=
—
a
<==?
==
——
a
=
=
a
=
aes
ie
or
2S
-at
——
=
mes
=a
ae
=
=
fa
=
Te ELE
an
a
=
a
—
oS
=—
=
=
oe
oS
—
L
=
125
22
=
=
-_
a
=
a
——
=
=
=
TF
=a
=
— ee
-~
————
te.
a=
a
=
=
=
=
=
Ee
=e
=
i
=
—
=
i
=
=
co
=
=
=
=
=
aw
—
=
a
=
=
=
=
=
an
-
ara
riot
hte a,
=
Sat
ns
_
sot Se ne
a
a
aoc, ten

---

a :
t : I og
Paar Hs Ly ri oe : : i : - i
pl iy cil be A in en Lt ae poe
oan WH tl i Luly les i iru) a Ph idea 1 ED Ihe ee: ed
sls vidi ie eh i
ole et Ai bey (3) aauie ace iil ih ele Ae i Le jel adele jldin4 jie oe i seca ie oo
nl ty i th a Tet Ht We He ihe el ae a ote aa et ea oo Lo
vy Sey i a a PS
:
: bi inte ee Adal ahh ea wal ileal ee ay eee oe tee
i wi i : rill i Mi te i TH Seals Fie rile ey cent ee ee eae setaJ
aya pet he iillk Tylle ath uel il Bea ie FEE FATE ee fd ee ae area :
ty ithe if I ive te He ier (ea Sit ce kde Hee ae des a
pie tes ua Hh hs el Ne ae oo oe ee eo
i
dil wl en i fe Pe ee ne Lee ee
: ion MS ee edhe eUbr pe Sarat Alte ae alice if tifa eeneE ce Ata fai ee HHphgsages Ben : :
: yo Pace ar ek ae a it ae eho
: M eats ue a a ae ee ee Bee :
s
we ma ane a Heid ea eaaeel ae age RSLS ad eo: ae
oo
ose BLE been nest ij oo ae Hy oo
:
ri cee see oa a abel ce i CORE ata iat Ih eit ets Hl eae aes 44 in my :
: ee
a a -
ae
on a Se a) ae coe if ae EBL mee ni Ae i ee fh a -
po: ee eee na sa : hepagt
cH Do aban yk Ssh ass Eyal ais it RES Ha yt ee ata it al Hint a RRR aa hi He i ee eu ER fe i i me fi 4 ae
: os a eee :
: : s
- ae ne HERR
ae se
a - ACEETEY areas
i : : era bred i i Hy I sete PeVBUgE ) BHT oe Td: fednatd hee me na von
: ike kat ate inet Bewta
5 1 es : eee h piisencptht
oe ae OE
Co neat SmaRILy
:
ao :
q

---

i b ~
‘ “ 0 My ' ae "" ‘i n . me. .
oe Ap Mg ‘Wal fo owoe . tt ww 4 ‘ ? an x
ally “iy tip hth Ye zy ia nil iM: yl a yl 3 . AS
»
° .
j
° areas idl ce id 1 RR a i Ua hie, HEU cat dct ST ERT Cc ATesone ES ee ome . ’ a, 7

---

---——
o w
on
ih
on
hyeus
it
i
i
4
Bx ON
wy
wt
al
it
i
4
iy
(7
i iy, i iy i \ su)
i
al
heh
H
in
Hig
i: *
uh
if
;
$
t
4 ai
j. 4
i!
i
4
Ai
fon
OR
.
art)
ie
mal
it
HH
at
if
it
a
""4
i
a
it
il
q
j
Det
hee
Pe
iy
Bieri
ait
i
Hee
‘hit
bf
ti
all
te

---

——
aa
on
hyeus
it
i
i
4
Bx ON
wy
‘-
wt
i
ims
aM
iy
(7
i
vi
v
iy, \ os si ia
4
yi
Lg
nr
$
i!
i
4
Ai
te. 8 ee
om
ie
mal
it
HH
if
it
""4
i
a
it
il
i
q
j
Dat
hee
iy
fe Hf
nie!
Ui
nt
/
A
Hee
‘hit
bf
ti
all

---

ee b -
0 My ae i n m-
ep Mg Wal foowoe : tt ww 4 s - an x
allyl zy ia nil iM: ya yl 3 - AS
j
areal HHEUGlcatdct TERTCcATesone ESO a 7"
2026-06-10T03:27:28+00:00,,"|
|

---

iy
vik
i

---

iy
i

---

iki
ul
Hl
ii

---

ii

---

aah inn, iu Hanhiey 1] iy , :
EE

---

ec iid Led tee ee
bettie
ant
i
His
Hf
#

---

J
ec iid Led tee ee
bettie
ant
i
sf
#

---

aah inn iu Hanhiey 1) iy :
EE

---

ee Peer
Bend ek : |
"" 1

---

She
te
sae
Raf
nh
Gq
st
of
i

---

She
te
sabe ad
Raf
nh
st
of
i

---

eePeernne
Bend ek :
1

---

ete th Pale Hes haya! pele bast
agate : soda ie le whe ie
| oe oa hat rt
| ee t, iyi} vill way He {"" at wpe |
ee he
a ih i!
: a salt Hi il il! wise ce
| | a ee apc yes
vd Ss wedi ae tea! oh ca .
| 2 ae vel fag ies on a
' | a RH FE pet cle. .
| aa i es i cyl mt wa -
ue hee IW AGH Wl AH ae fly eer poe : \
ae SHIH is ee fH} iit tit an wil wy Mig Lo :
oul HT iit cae nil ht Ft ny i ay nigh i,t pati tile iil pe a ie .
! | elt ih ade AY a sy eh A :
{ oe itl ty Hh Ce : ‘ ‘ : ¥ | : :
ee ill aH ill A fat Wie qiiky | hal) ly ct a
a) cy til A it if {ht fete pt ee
tnt ae (ie ‘iti ay yoy ao .
Lo es as Pan ey 7
a, Ns a: Phe se
a silat nit ite Hil iia RINT un fete ee Shag, ish nye
| | eee a i tall Hn tit HD Hitt ee H eat ey) ea tied bie ee “
\ ! Gy Le =
gy ne a ah al : Sir nese 8 ;
ea afte Aan AH Wi ij ae Hn ut Ee a nena ni os : |
. Ge A ea whee oc Hi ih Hari ee Bune als Teen Une
7 , oa Loy BH i a oe
: { boouel re rey oe |
[ ° C a i = 7
, ! } cea GES aa fay! ahi ina $isife Gh Bly tif Sn wit full Spe ae | -
, fal Padget a Lace ilal i iy Hu AH fi iy bint ff aN oo — ;
Gf ahs tian Say ae ea ee
ae side RR ae ae a ro fs ust 2 .
goed Bal oe Le ce fe ;
: or a ay ag Soa ‘
i ae AN iy! i! wii a HH ae 2
oe Hy ne ith Ee ae cae a .
PHAR a pa) pe { aay FRE ii ii lida leit HN Hai ease ce _ |
ANS
ae SS ae
oH SS |
SS He :
SS Ba

---

Wa
i
Le
ptos
beg
Kn
iy
hepa
vet
at
h
ph
ii ff
it
ft
lol tad
bed
ty
if
av
""
4
in
yithae
|
WH
dye
)
ft
fo
i
in |
He
phe
ayy
ny
tt
“lh
Hay ith
i
If!
ut
He
uf Hil
ane
Hii
J}
Ha
figit
_
aa
ih i
Hy
oot
if}
a
a Hh
i
eH
fa
a
iy
I
i
a
iil
Hh
'f
ui
4""
fy
sl
ay
re
: Mi
if
ifr
h
Ht
Hl
scl
i it
|
{i
ii
I
i}
tH
ut
Ht
il!
aa
;
| |
; ty
Hy
tel
Ill
“if
I
i
I
il
yf
il
hit
Hh
th
it
df
iH
ii
4
yh
ft i
vr
iil
h
ii
it
it
{i
i
i
i
fy
i
fl
ait
HI
ii
4
i
i
et
it
Al
tte
fi
i
He
nN
il
Hy
He
HH
I
ad
{2
{!
44
‘7
fi
|
N
HH
Ww
ft
at
it
fi
{
fl
fi
ui
iff
i
i},
vv
44
Git
iit
i
i
‘ly
Hi
a
id
uy
HH
i
i}
'
‘WW
il
uh
HW
ihe
il
HE
HI
Hi
fi
fis
Hy
fy
ae
ails
iy
i
44
ti
ti
gat
ft
‘hd
ir
iit
M4
fi
yi
Ht]
4
it
hy
i]
N)
ty
u
4,
tis
tf i)
ut
I
wid
il
te
AN
ish
Hilt
Hi
jhe
iy
a
4
it
i
iH
i
Nin
i
nt
iy
Hy
jc
th
a
oe
Fl
4
hi
Hk
: uh
hi
by

---

ee
7
nn SE
=
oer
ee ee
weate,
Se nrtre en
Cee
sire eer Tee
ped
at
7
es
=
=
pape
=
*
—
=
mm
ae
Ze
ered
a
ao
a
SSS
Beets
teks
Zee
—-
co
peers
peteetes
ar
=
rorotd
a
eereek
TSS
oa
=
pai]
a
TEE
rans
TS
Sac
ponieg
eae
otal
~
a
Sees
peereareson
SSS
—
aipeny
——
=:
eet
SSI
SESS
SSS SS
SRT
——
==
Renewtl
=
nal
peeeaty
poteatterdy
a
eed
SSS
Tae
==
as
het
pats
=
Pe emrete
piers
eteertenet
a
SS
SSS
ems
isgoek
an
aaa
fees
poaternts
SS eS
TEE
SSS
eens
Ie
=
os.
ebook
ee pe eneets
eras
=
J
poate
SSS
SSS
SSS
eters
=
=
——.
arets
es
crete
ac =e
ts
SST
—e
SST
SoS
=e
=.
=
‘atm
oa
SSS
oe
=
==
aed
ees
MESSE SS
SSS
SSS
eee
==
=
cares
rareet
a
mS
SSS TS
2
Bees
SS
a zs
—
-=
=
<a
x
TSS
moe Sore ES
ne
SSIS RE.
aoe,
aS
rats
a
Eile
Tae,
=
Se
= =
peg
wa SS
5
coeateed
=
=
=
WSS:
eS SS
==
ASE
ao
=e.
SS
ee
===
==
SST.
=
es
=
Tose
st
eee
tS
SSE!
Sees
=
fog
ak
Se
Tae
paegrte tea
pieweots
=
earn
=o
as
7
az
a
en
=:
Saeed
ee
“St SS
=
te
=~ ls
SS
==>
aa
irons
Sa
=
<>
—
a
=
—Z
=
=
pie
wns
===
=""
=.
=
—
eS
=
mad
SEL
peta
od
=
me
St:
pias
ae
Sz.
se
===
—
Ze
=
=
—-
oe
=
—
=
“ake
x
=.
=
eats
=
=
mt
3
=
=
=
fr
BE
ie
=a
=
aS
—
<<
--.
=
SS
S
a
wee
=

---

ete th Pale Hes haya pele bast
agate : soda ile whe ie
oe oa hat rt
ee t iyi vill way He ( at wpe
ee he
a ih i
: a salt Hi il il wise ce
) a ee apc yes
vd Ss wedi ae tea oh ca :
2 ae vel fees on a
: : a RH FE pet cle -
/ aa i es i cyl mt wa -
ue hee IW AGH Wl He fly eer poe : (
ae SHIH is ee fH iit tit an wil wy Mig Lo :
oul HT iit cae Hilt Ft ny i ay nigh it pati tile iil pee ie
8 elt ih ade AY a sy eh A :
j oe itl ty Hh Ce : : y : :
ee ill aH ill A fat Wie qiiky hilly ct a
a) cy til A it if tht fete pt ee
tnt ae (ie iti ay yoy ao -
Lo es as Pan yh 7
a Ns a: Phe se
a silat nit ite Hil iia RINT un fete yeh ish nye
eee a i tall Hn tit HD Hitt ee H eat ey) ea tied bie ee u
s Gy Le -
gy ne a ah al : Sir nese
ea afte Aan AH Wi ij ae Hn ut Ee a nena ni os :
Ge A ea whee oc Hi ih Hari ee Bune als Teen Une
7 : oa Loy BH i a oe
: i boouel re rey oe
: C a i - 7
: j cea GES aa fay ahi ina sisife Gh Bly tif Sn wit full Spe ae -
: fal Padget a Lacailal i iy Hu AH fi iy bint ff aN oo :
fais tian Say ae ea ee
ae side RR ae ae a ro fs wuat2 :
goed Bal oe Le ce fe :
: or a ay ag Soa
i ae AN iy i wii a HH ae 2
oe Hy ne ith Ee ae cae a
PHAR a pa) pe aay FRE iii ilidateid HN Hai ease ce - )
ANS
ae SS ae
oH SS )
SS He :
SS Ba

---

eee Peer
Bend ek : |
"" 1

---

She
te
Etat
Raf
nh
Gu
st
ve
i

---

She
te
sabe ed
Raf
nh
st
ve
i

---

eeePeernne
Bend ek :
1"
2026-06-10T03:29:03+00:00,L01813,"_ BA5C24 ( inbound)
L01813 (CM) - WZ5G03"
2026-06-10T03:30:44+00:00,,"sy he IN all :
= i}
‘ a j
z 4 it fy =}

---

i
i
i)
“OL
Hl
Hy fi
Hl
il
tH
it
Hi
\
Hh 4
a
Hl
iit
|
Hh
ii,
HH
i
i
ti
Hh
hi
Hy
fi
B,
te
Mil
be
i,
Hh
ih

---

i
i
!
1
“OL
é
Hl
Hi
il
tH
Hi
ih
a
Hl
iit
MN
ii,
HH
Hi Mal
i
Hh
hi
fi
B,
te
be
Hh
ih

---

i he all :
i
: a j
z 4 it fy z)

---

el
‘er
bon
|
|
a
eT ee Gai eS eater tan nr 8 Gm

---

—
a
Po
ih
|
ches
, {
=
iy
hi
il
i
i
i
Hil
i
i
ve
i
iF
HN
:
ii
Wi
HH
i
Hi
a

---

e%
—
a
ih
|
ches
, {
=
iy
di
hi
i
iil
ii Hay
Hil
M
i
ve
i
iF
lil
:
:
Hit
HH
Hh
MI
i
Hi
a

---

el
er
bon
1
a
eee GekeESaateaetoan rem

---

sone SORE : .
4 /
,
{ Ppp Cy 2, fans me) saya _
esecen tte ash i nee, NCH iv us i Huth fyi Hpi) i y iM dt) | He.
: |
|
|
1
'
;
' | : i “ ee Pa ae» 4 “6.2, — 1 u
Hatta NPM rere Treen U nC TIMER te th yids nn pS Mitten oe SS Seg bah: era) eS Ro
| Hh RSH tbescoed 1 sie) } foteita Hy HA FEAT HUTT AiR Sa al bi asians ds Rey diztil US oe Sage Ober eye oy

---

i=
no
ener TERETE
al
$e
at
Jt}
i
j
7
i
ii
Leo
1]
i
if}
Hf
hy: ited
%
i
il f
ih
Ht
Hii}
Hit
Hp
a
i
ih
'
Hh
Hi}
fit
dW
si ar
a
iy
fH ee
A
a
i
»
Hl
|
iH Hi Hi A
a
hii
:
fal
|
Hi
Hil
ni
Ht
iH
i
""1
iT.
sf
uy

---

if
‘4
no
eaeshiaiinaail
al
at
Jt}
i
j
7
i
=
PARSE:
Leo
1]
ited
a3]
Hitt
i
Hn
Hi
iif
f
Hit
Hp
i
iu
|
iF
Hit}
t
i
fit
Ih
dW
‘
Hy
if
vite
i}
i
i
i
i
HH
i
Hi
i
—
Hi!
i
Hi!
iW
Hi)
iT.
uy

---

sone :
4 /
a
/ PperpesVCy2faees me) saya ed
esecentte ash i nee NCH iv us i Huth fyi Hpi) i y iM dt) He
: )
1
: : i ee Pa e9 4 62 1 u
Hatta NPnrereTrsreTTeaHUniCUMTMEHTTUTTIMLHTTEMeRRTte th ylttsettf1nnepeSk MittxoeSSSegbah:era)eS Ro
Hh RSHtbescoedfs1i8)) foteita Hy HA FEATHATTAiePHTLSaAal( biashansd Rey diztilUSoeYageSOberer eye oy

---

te
ge 4
rae asda . t
<.
Im
‘
is ;
4 , ad ‘ q
“Us :
| ese |
i, chee ae RG Syn re

---

te
cn CA A ——
Pl
ts
Asi
bone
it
> ae
aj
ib
ures
+,
ii
i
Hi
Hh H
iu
ut
4, 0444 tf
ef
i
Ht
Ht
Ht
HI
hi
Hf
frail
Pty
cL
ii ae
bey
tit
Hi
i
AN
Te
Wha
i
My
og
1‘
cu

---

t
>
eee ce A EE A ”
Pl
Asi
bone
it
> ae
aj
ib
fay tf
ay
+,
si titit
i
it
HN
Hy
tags
iu
ut
Ms
pene
H}
i
Ht
Ht
HI
H
hi
Hf
y
Pty
cL
Hf
tit
Hi
i
i
iH
i
i
i
i
tlh
Hi
My
Nit
+d
i
1‘
b
cu

---

te
eS 4
raeaalettintaal t
Im
is i
4 Yad q
Us :
ese
i oleae EGS re

---

£ —~ 1
eee - .
. '
‘
{
t
i
{
: \
, aa stot! ‘ ’ 1 soe wok . ,
fol at ay Bi gical i Fe nee pie Pole Merah ya, ;
. oe Se RHETT Ree eee CHT an are eH fo Mona aM ts : Phy
rea aAnE Bra i's ities ted RRO eR Mele 4 haa fh i iH rl Cyt He ;
aa ere ie ee Hi ill lll an ual! fea en ] ae nel By! a, tee .
URS Min PHA Hn A nae Bas he crea ee
He ane  , septs cenit me Woh pe a
: oda: PR i Hy iit RH La AAP aati Hite te tie e P we a i ho
Lette Ey He ER ee te let iictfe h tbagy esas Ni nie OH
Bisintianlidi A pdr yal BI i ee Hye) One sa ill { at Meas” Ubastescat Dent art an .
iu RESe a igbin FRU en SHR RTA a esetidi il Hp kat en AR nO Fr
{ eT EEL aa ae PA cl i He it Ah te Bape ae Tela Rewer
iio? aS A nea tiff A RIN EE rH Pag ese aE
HOST Le iret niin nt ipa aati! eee) Hin fiuatttceiesy fhe ji eee incl nye) PRL SE igi
ye) iin PTET nt BH MUTM EH EA ch Le nnat hic HEMT RRC [pais aay ts 8 Rare ea Pa i
Top dag ee: PEP]: ple rhe teeh ci ital ' i; Heath iets! easy LATTES ARGH TH cheep Sys BAIT han bee EEGs PUREED Sg oy
4 ERE en Hee pete Hash iui Us patty EMIS RHIG Beer easy RUTH ee Mi ee
eed Ua $y fi} pai reat Hi gia Stall PM HAN HH th A pity ites ages Faraone eer MIRTH rashes «
PUA halt RTH} WUE Hiepetha wn NHI abt HARA eT PRR HIER ee eadeuies tap Ea 8,
+] Sigil HIE flea Healy aH HEA ett ity PH uae Hef Ee PR ser at Ee
1A aN Py HH RAI eh fd aii Bini THA HA Nail tuted! patna oP tea RH Ee eee the
Pavitt sil) RBH NESSES iy DEH AEH HAHA Waihi SHER MA RSUUL ities PLL PIE EET Le OES YB
: PTET TERETE Ey ie Ee SE ea Halaaninia! RE BTL pegged hy at RSE Itt nye .
Pee TE ATETAL Nae DRE Rae Hen reitehiat tna aba li eat a Masts BED RHE cre MistE gait ea! ve
\ eR PARR AEH aH ATED TSAR HAHA HES ASH dita Nitin diy sedis ee re EL eS rr see
3 CORT TEE re BASEL RHI HIHG if ji ieeiatay NHI tei: SRT ECF didi tte get. ;
sat PR AHHH iia fit Hp RSL Tales ede Nie SHIH etal HE Rin ent CUD Heat aL Sera fess,
CRUAEAT aint BREN it Rath hits SRI OH fii HEA ate Brbagets ie Suits pened ee else PL,
ah [oe HEB EG BUCH TNE RRR) METRE ARTET RPT niet sees Coibneliticsd torise Bees
R "" iy Md lt if ae TTR GERL TL ge hos
4 | ! RE Hanon id URAL TE fy Tua in fart ee
. if Sere ere ann HARRI MLE ENE IN ,
RS STEEL aT eae Hoey 1} RRA UD HTH HEE pita Tee eae cen
tat CHAE GB at REE Ete aay ee Rely aia AHWR EN Sealy PH He a RR RSE HR eee tne Bee
ml 4 PRAHA HHT BANAT SOHNE ila REMI He BN TH eee Fre
nf CRT TTA Teena pti! Ptatattaslabetys NTH fest ROHR UTC Hat erin tility
hp EERE HAASE TY ity Bests yidiad eta SRAM SEH BA HERE PORTH iT PREAH en
. LPC AR TE Bane A AE EL He te itt PSE AMIR AE RMA EHH ere ee ee a .
: fend fa SUNT RAINE RMN uN EES ath See a on :
1 EAE SOB ASMA IIGHE Hi RHEE NH fatally Hn gM oo ee .
{ i : he EEE EG pbedites HHA eS is RDG Raa HHH PAM FATES TREES TERE aia tLe 4
Petite Eestttii she TEE BESSON Haat RUMI HEN HRA aaa ee filly PTH Tae feds cee itia Henge 1%
: : |"": HEE AE eet DEH ES OAS Patella RST itt titi patti eae TIS Se
: : CPE Sat enh LALA ANTHS PERN HD LH RA NHNHNHTY Sette tiad HE eideireasd Ure aE ee Eye ,
1, i RINE eat segs ivy eh abet LASHER EH RUHR ANT Haris RE PE POEM
if SRT LYE DU ata UN RTH REO Tu Podbe arg BUM ER ee oe
\ ERS Hin petty hss yey SPE SI STE ST Speagaltie RHIC RTI Ha tga HM Me Oana TOME Betton a .
j PHATE HaT tps tey shalt BIR UN REAM GS HHH ER RAO TCHA aiid Be EG Ce Figen CR
ERG URED ig San EIT ibe DRA TTH ee bait foffapt dae “isttitages(ebesnilltiiesio. Te .
‘ i ESCHER NT MAHON HIM IT edydati POSEN RETRACT iif ait SETHI Tee gp BGR GE i
Bree ee aU onan ehtiatally RH ANE BOHEME Napidiiy iejuet in EM ethane ee
PCIE aE ae BASSES LN sabe RSLS TY BME TT talent feaphtiyt OT HHT Ft sy set ese .
. HRS ord SES HEE SM HES iat ies e: STEVES THT HE HUFL OL Sigs set aaa .
: PRG RESUMES PRUNE SMAPS STEHT satichibigis! yin ity Eat ai He ne :
Sever UR NET DR MIE RETA BST MB RIP THD jieiien alt ita ete ae -_
Snehaeau halls SoU SH Wy ARCH NA HEHE PH RTI STH HHO HY fathers eae : : .
. 1 Pee eu n RISE IRMISRES RE ai RHR EA NTMI ROHAN ifthe (ites Hedh TALE .
Pu Gy RSH NATH EW AYLI MTEH AT HMA pilates day tally ALESHA EEE TREE Ave
7 i | a... oY Q
— ' j i REE a Stilts NHIN RE ELAN Fa} POAT RNTHIMIHIM IRIE bay ait tay Hist Ente! yee ma
Dod | , 1 if ESSE HATH Had LGM TS A RMI ERATE tain! RINT MEH THT a rN eS ce sol
- ( yD Ean eID NRE : TRUS RNa RH Hie Patty pustintt: atta ae eaten !
: ! fH EERE URED ita ah BV TINH EH NHN seaidld tity iit pears ee 7 nay
‘ 1 ACTA ELITE palit y RRR TEH ay SHNATIHTE lint, Wei aii! diaplas tise TRO ae nea
t . He “peop tthaetanannini tia BRERA M ALT PHATE Bbitalijiyta} HHT atti) AHERN OHI bees Ae ees 7 we
: feos ty oceteaeh. BM IRI vet tittaaly RHEE PaO BIRTH Litt, sae hbehsgi teste BIE ae
, Le we TUE Ee ET HENS HANH Ha staat ditt ENMIMOTH IT MOH Weta sate; flan itebseth Heagentt singe . Cl
: H a EEE ELEN SH HTL EHS RHEE RAIMI ARUN HIMESH HCH tt wt
i UY nae LUSTRE AHHH HEN SER SAHA RITE HH had Heth, studi tet rycbiafisgd tial: mo vu
; pa is ch pes SLAIN bibl RENTS HHT HIRAE RTH TRO AE RATER wages . el
\ | apr ESRF aide HERAT HEU RN HHH Ba itil RT filing ijilien ts diggs Oe, . Sse : a
: PREH eee nnn ity 2 tilt SHH EHIH ti fag taflin! jibes MAiflieag te an oa tt
1: yp TE BRU HIHT HEH it BAHU RRR RH eit, at ata ee lhe Sam ar
ede Wag ake eV lvabel BY ay AHHH HH piety itt, ute fa titie fiat Liggeks tna! “ We
8 YOREGC ESSE EL OH USHN HTH} ARAM HHH AOC Hla jaitiitagtty Weestnetengell Bem nl, jal
: BRT Eats SE i Mhavithy NERD hii RENT dalti tadhly ratty raced flute gti 4 M,
j | Hee EG it PSE Me oan oo ‘ated
a EAN LSE Aig PH] HUT AN ERNE THT Aa ight telltale ian u . : dy
=e - RSE ah es Dt its Lah HN RRA id, RUN SHA tytn Heh Hf Ce Mie os vant
- Fee) Ta UAHA if AHI TOKE TSR HI sidtatiafliadt: we ne
: a CA lah RANE HH RANE) KATHI PAH byte! AS : : iy
ok, DUET i hay Yep ty HARKER NINH UAT HIN ATTN fatty tte i, . et
‘ ‘ : err ETLN RAAT RUMAH HRHH Sen ty ale HARMS EE ae a . : nD
' ; cd add i et Sead, PRA) ART Nitti, A Haama T e the . 7
: : ce Ey epi tet a Nitty AHIMA i illu, Lec csiy ee .
. 1 1 . eee Tish amt fat et tek hit fli; Bet titties Hea, Now .
a : 4 ET BOLE eH ely Me nu nate ype tT rid aM
“, we } me ry tay vag! ORAM RTT Ph eres

---

may
La,
a
Va
be
“4
ie
cae
""
tt
‘if
hal
ae
de
4""
al
u
fi,
te
""
thee
fu
in
us
”
fi
oT
h
HI
dati
We
if
4
1,
Hyon
""
vey
iH
Hi)
hd
u
4
In
nyt
‘
i
ny
ae dee
yh
ali
ptt
ria
I
a
ve
wehbe
inf,
ay
In
""
my
oan
zen,
it
ft
Wi
Hell
na
Mh
Hy
ne i He ni!
‘lh
he
i
ahi
Vai
th
ie
i]
{t
Ng
it
!
if
I,
li
bat
tt
ye
eh:
MN
th
it
on
si
Vt
Alt
use
i
iH
{i
5
Hi]
rn
i
I
Huphetgs
iy!
i
it
Ww
itt!
sI
hi
1
it
ta
i
fi
lh
ff
i
ant
}!
mil
i
rH
Ne
Hi
ql
th
ied
Hin
bie
i
ib
re
HEE
if
Cath
fi}
if
fl
Hh
ae
""
te
it
inst
fh
ffs
thei
fh
itd
tir
HH
ity
Hi Hl
i
ali
yt
i
I
PHN) 1
rity
it
Nt
in
Mt
i
perk
ty)
Va
ily
sat
ue
i
an
ht
allt
aH
4
any
Beh
4
it
Ht
Hi
at
Hf
ited
{,
Tye
ri}
oe
bf
a
|
an
ity
ne
ft
ny
uy
i
tt
Hi
Ht
fi
if)
Me
us
iy
ith
te
aft
Hf
i
ii
7)
fA
Bien
""
fe
ih
tt
yt
MINH
a
fi
ih
4h
nt
ed
tH
ft
i
Hl
hi
ths
Hi}
tet
i
Hi
fers
1]
jl
fr
ty
it
al
up
Bu
fi
tt
any)
hi
Ay
iit
ij}
ul
ih
a
H
iis
i
itt,
H
Nyt
hy
Hy
iW
I
if}
{i
adh
iH
ABT
Haut
fi
Hi
|
int
iit
aif
NE
ipleany
fi
al
{i
rt
Hf
e
{
iin
yf
th}
jis
if
if}
1H
a
py ty
tf
i
pital
et
ii
ro
u
vi
Hh
;
Hi
ait
it
fe!
(ii
rh
Wy
tt
Hi
y
f
i
uf
)
i
eeettbats
a
jt
Hh
Hi
i
tt
i
sea}!
ty
i
IN
“
att
RHE
i
48
iH
het
i
+
iT
ay
Ati
Hi
ts
ath
u
yf
PTE
ai
i
ay
stat
it
Mt
ng
ui
18D,
18
Hf
if!
ity
j}
fit
at
i
Hy Ht)
uf
Hy
dangle
8
at
if
jit HUH
Hl
a
Hits
tit
tH
ny
34
wh
its
\,
1
ii
44,
i
ite att
Hi
f
4
a
jt
fs
Ni
iy?
Be
41,
B53
taht
Hi
ff
i
ft
HT
Bie
ii
Bh
th
nH
4!
fa}
i
iA
HI
i}
fil
fi
ny
jt
iy
itn
it
hy
it
i
thyt
44
tf
if
Hy
yt
yt
rt
FF,
nit
aay
aft
HH}
a
a
ahi
eG
‘it
tise
if
rid
itt
fe
yh
lit
af,
HH;
att
H
te
fb
ity
Mejiiin
tty
if
fin
is
iy
4
BT
His
ii
ve
rN
i
HI
HY
4,
ted:
rv]
vii
vad
as
Bing
i
tit
itt
ay
Hi
3
tid
atiyt
a
sf
i}
ty
He
tt
Wi
tty
rs
pt
tit
itt
ii
tite
aides
i i i i
Hi
ty ae
hi
ty
inf
ilt
iG
He
ith
egg eee Ts
¢
is
st tabi
;
ay
ide
hi
ite
ie
ei, HI
Sy
ty
tu,
fh
Be
stifle Hi
iy
a
pit
MW
sit
Hu hii
H)
ijt
By
ay
23
bi
it
att
thi ts
iN y ii,
NH
HI
i}
HI
iti,
ff}
tt
ish
y
Hi
he
BH
tilt
18
pile
4
It
suf
ft
ft}
A
IN
at
if
Myth
44a, ty
ns
if
tH)
HAE
HH
hyiit Ha
ty Netti
iti
ty
My i
fee
yw
Hi
ih
1d
h
444,
tt
wht ft
oH
4
ai tth
if
‘hee
i
3
iit
i
4s
al
Hi Hh a
Hy
iF
AY
it
4
iy
4h
48,
i}
ub
$y
vee
Mh)
ih
ii
f,
H)
RYT
i
HD
Ly
yh
‘H
.
fy
1}
ay
Ny!
a4
Hi
""iN
4
Bytay
;
Hy
na
ty
Nii
by
his
ah
ut
i)
i,
44
ij
4ytif
a Myti
aH
nit
Me
1
sik
Vb
abs ais 4
tt
{ 5
ih
yy
Hie
hy
{|
iy
ran
i
tite
iW
i
ih
i
ih
in
i
nH
Hin i
ny i
u
it
it
ah
ra
lagtith?
iy! 1s
i)
4s
A}
Ny )
ait
yah
ty!
i
fi
si
iii
HI
F
Hy
at
i
a
i, tt
1th
the
Kn
ia
rifts,
f ran
ii
Hi
f
Bar
ee
4
ij!
Li
Ain
4
Hf
hi
i
i
sy
tt Nyt fyi
it
hin
HH
we
by bst
i}
i)
4
4
i
\y
Hi
Ht)
a teetty Hatta
ity
against
Hi
ty
fH
Mh
ryt
Wa
apy} i
i!
4
4h
i)
i)
pean tn
4
HI
ta
tt
ust
ul
Vt
fit
filth
HD
te
fi
AH
i
h
Uyeagd
it
Anh
Loaeree
a
‘iid
acy
ill
THe
i itp
th
beet
tt
th
in
A
“a
on
if
ill
ste
ht
Nie
4
fh
tye
fit
i
th
My
ue
Vd
a
Hi,
M4,
ut
a
E
Wu

---

may
=
La,
a
_—--
Va
——o
——
be
“4
ie
cae
""
tt
hal
ae
de
4""
""
i
fi,
te
""
thee
y
—_———~
us
”
fi
oT
h
i
yy
i
}
|
ut
4
1,
Hyon
""
Pay
hi
Vy
Hy
4
Ir
nyt
‘
i
i
ay
did
pet
hd
fi
if
ty
I
a
wehbe
He
|
i
i}
i
i
ti
:
H}
""
my
:
i
ih
i
!
t
I
My
;
na
Mh
Hy
;
H
it
;
'
H
4!
i
H
{
i!
fi
i]
i
H
i
if
i
it
}
|
!
|
Hf
pdt
a
:
tt
i
i
;
aly
fl i
i
H
ity
1
li
;
:
i
;
i
it
H
{i
Hid
rn
i
Hi
;
;
iy!
i
it
Ww
i
;
|
|
A
j
i
H
\
tt
ant
pul
i
if
rf
Hi
a
j
H
;
iif
tb
y
f!
hi
bie
i
ib
}
it
He
H
it
;
i
}
Hi
ae
""
inst
Mn
rf
i
Ny
Hi
i
hy
if
tir
!
HH
ity
i
|
i
fi
f
i!
if
7
HB
i
i
Hh
rity
it
Nt
in
ht,
th
1
i
i
ad
i
H
i
sf
i]
i
4
4
any
Beh
}
4
it
;
fH
fil
i
H}
4
Hf
hat
!
;
|
i
i
Hi
i
uy
Mt
fi
th
us
iy
al
Ht
j
}
ite
:
4
Wf
:
ih
nH
tt
\
Hi
ful
i
I
i
i
u
iy!
fe
ed
Hf
HH
|
i
i
i
i
ft
i
i
R
f
i
F
fh
i
tk
jl
ty
iH
ti!
iH
i
;
Hay
j
i
Hi
ai
th
:
ill
i
;
|
ii
Hi
a
H
i
Hi
}
ai
H
i
i
y
i
i
I
;
HI
if
iti ;
:
i
I
i Hi
fi
Hi
|
i
if
y
;
;
ih
;
i
fi
if
al
{i
|
;
}
#
i
Hh
fi
1H
a
fi
uy
tf
i
i
Hh
i
}
hh
et
ro
at
si}
(
:
;
Hi
3
fe!
ft
a
i
Wy
iy
tt
y
:
th
uf
)
i
eeettbats
a
jt
f
j
}
sea}!
ty
i
IN
it
|
}
att
RHE
i
;
iH
het
i
fy
ft
tty
as
u
yf
hi
iH
Hi
is
ay
;
it
ng
i
ui
18D,
18
it
ity
;
j}
fit
at
i
HH
it
i
uf
Hy
dangle
at
if
jit HUH
Hl
a
Hits
tit
ny
34
wh
its
wae
z
1
ii
44,
i
ite att
Hi
f
jt
fs
Ni
iy?
Hi
H
41,
fe
taht
Hi
ff
i
ft
HT
Hy
Bh
th
nH
4!
fa}
if
is
HI
i}
fil
fi
ny
jt
iy
itn
it
hy
RH
i
{,
if
yt
rt
FF,
nit
aay
fy
ft
HH}
a
a
ahi
eG
‘it
tise
;
rid
H
yh
lit
af,
i
att
ity
Mejiiin
tty
if
fin
is
iy
BT
His
ii
ve
(hy
ry
i
HY
ted:
rv]
vii
fi
as
Bing
i
;
itt
ay
3
tid
atiyt
ui
sf
i
tt
Wi
aye
‘i
4
t
iy
i
tty
rs
Hiei
jt
ii
HI
tea bes
Wi,
Ay
H
4
BH
yf
i}
Hh
inf
il
f
iG
He
ith
egg eee Ts
fat
is
ra}
i
}
fits
its
jie
in
,
it
rf
iH
Ni
i]
Ne
ty
tu,
were ee
fh
il}
i
Whi
‘fi
4
4
iy
a
pit
MW
iN}
iH
4
Hf
hii
H)
ijt
By
a
23
bi
~~
it
4
ah tals
i
i
th
i
sh
fi
AH}
i}
HI
iti,
ff}
ish
fy
Hi
he
titi
ai
4,
pile
4
It
suf
i
ft
ft}
Hi}
ih
at
Ht]
4
i
Ae
st)
Hi
iy
44a, ty
ns
if
tH)
HAE
HH
Hie bat
Hl)
At
iit
te
1)
Ht
ty
My i
fee
yw
1d
h
444,
tt
40
i
tafe
yeh
oH
4
ai tth
if
ipl
SRK
HI
ait
4s
al
4
Hh
iyi!
si
iy
! Mh
Fa,
Hy
iF
=
t
it
igs
4h
48,
i}
ats
ny
1
ub
$y
t
}
4
!
ii
f,
H)
RYT
i
HD
His
tes
1
yh
‘H
.
u
fy
1}
4
i
Hi
""iN
4
Bytay
;
Hy
ti
bua
ty
Nii
by
ah
if
iv
;
if
Pah
‘ih
4ytif
itt
i
¢
Me
1
jf
i
;
i
i!
;
4,
!
tilt
fet
ih
a
ji
$4,
ty
hy
|
i
;
it
i
it,
13,
4
4
ty
ity
1
I
u
it
;
ih
f
}
i
4,
i}
af
4
4
t
Mra tate
h
Nigies
pide
i)
}
i
34
4
""
oy)
ity
ity!
4
HF
Hy
}
F
Hy
at
i
Fy
Hy
i}
i
bid
Ht}
i)
i}
‘isi,
4it
Sit
if
diya
Ma
1
f
Bar
4
fH
j
ru)
Hf
i
att
4,
it
Hi
I
;
i
iti
de
4
4
i
Hy
Ht)
HI
yy
ity
RATT
against
Hi
ty,
fH
Mh
""
ul
;
iW
My
Ni)
4
i)
i)
ith
td
4
HI
ta
i
;
ih
ty!
fit
filth
HD
te
fi
itt
i
}
h
i i
i
j
Anh
Loaeree
™ HA
a
‘iid
it
ill
THe
ifdine
beet
tt
ii
in
A
“a
1
i
ill
ste
Ig
fh
in
fit
i
if
ly
My
ue
i}
M4,
ut
a
E
Wu

---

c - 1
eee -
:
t
i
:
aa stot 1 soe wok : :
folate Blythe ieee peiePoglee Merah
oe SeRHCTnnReeeeeCH nar eH fo MonaMs : Phy
rene aAnE Bra is ities ted RRO Mele 4 haa fh i iH rl Cyt He :
aa ere ie ee Hi ill lll an ual fea en ae nelhB a tee :
CIRM PHA Hn A nae Bash crea
ane septs cenit me Woh pe a
: oda: PR i Hy iit RH La ANd HitetetieeP wa i ho
LptteEy He ER ieeteletal iictfehtbagyisaes iene
Bisintianlidi A pdr BR i ee Hye) Ones ill f ates Ubastescat Denar -
iu RESeaigbin FRU en SHRI a esetidiil Hpk enn Fr
TEE ae Pal i Het Abst BipettiaeTela Rewer
iio aS tiff A RINE HHP este
HOST iret nilinnt ipa aati eee) Hin fiuatttceiesy fhe jpiyeeeincoll nye) PLE igi
ye) iin PTET nt BOHMUTME Eh Lennathic HEMT IpaisaabaytsO8 Rare Pa i
Tohpdagee: Bees ple Hheteeh ci ital t i Heath iets easy LATTES ARGH cheep Sys BAIT hanbee EEGs PUREED
4 ERRENe Hee pete Hash iui Us patty aEMISRHIG Berney RUTH ee
eed Ua fi pai reat Hi gia Stall MHANH th pita oeteesises Faraone MIRTH raehya
PUUGThalt RTH) WUE Hiepetha wn NHI abt HARA eT PRR eeeadeuies tapEaeB
Sigil HIE flea Healy HAHAH entity PH uae Hef Psat Ee
1A Py HRA eh fd aii Bini THA Nail tutes patna Pte RH the
Povihidsil) RBENESEEE iy DEH HAHA Waihi SHER MARSUULUaties PLP LES
: RPRTEETECRSTRTTESEEESETEy ieee Sea Halaaninial RE BTL pegingerdsyat RSE Iedititieetshye
PaHTREHTiTE ATETAL Nae DRE Rae Hen reitehiattnaabali eagles BEURHEHY creMistEgaiEea ve
eR PARRA AETHER HAHA PHESnAASHditnla Neitindiyisedds eer rsa
3 CORTE BASEL RRHIRHIHG if jiieeiatay NHI tei: NCATE bitdistgteget :
sat PR AHHH iia fit Hp RSL tated Nie SHIH etal HE Binet CUD Heat acer fessy
CRUAEATaiint BREN it Rath hits SRI fii HEA ate Brbagets ie Suits pede etsepePL
ah Loe HEBEG BUCH TNE RRR) MRTRHGRERARTETRPHET niet seeseCoibneliticsdstorise Bees
R iy Mt if ae TTRGERLTLgR hos
4 RE Hanon id URAL fy Tuan fart
: if Seeeereyannn HARARE NEI
PSST eae Hoey 1) RRA eHTNHHEE pita Tee cen
tat WCHAIECBat REET ee Rely aia AHWR Sealy PH He ERSTE Heese Bee
ml 4 PRRBAPHITSEHHTLET BANAT SOHNE ila RSHIHHHe BN Tee Fre
nf CRT Teena pti Ptatattaslabetys NTH fest ROHTRUHTHGAH Hat erin tility
hEEEYRH HAASE ity Bests yidiadeetat PREAH BATHE PORTH iT PREAH en
LOPUARTEBane ABELL Hele itt SAMIR REMAIN ere a :
: fend fan RAINE RMN EEA See :
1EUESOBe ASNHSHTHIIGHE Hi RHEE fatally Hage ee :
i : hE pbedites HAAS is RDG HHH PAM PATER aint 4
PeriteEestttii she TEE BESSON Haat RUMLHENHRHAE aaa ee filly PHT feds ceeitia Henge 1
: : : HEE AE eet DHLHLESOAS Patella RST itty pattie TIS
: : OPES) LASLHANTHS PRERHHD LH RANHNHNHTY Seteallatiad HE eideireasd Urea Eye
1 i BINeeieatE segs idyehadet LASHIBEH RUSHHVRANHTHH Haris RERPEe POEM
if SRT LYE DUC RTH ROUT Podbeargl BUMEReee
ERS Hin petty hss yey SPE STEMS Speagaltie RHIC tga HnMMeOaana TOME a :
j PHSHRLETHHaT tepetey shalt BERING HHH RAUTCHA aiid BeECe Figen
ERGURRTEE ig San EIT ibe DRSHTTHee bait foffaptHdae sisttitages(ebesnilltiiesio: Te :
i ESCHEN MAHON HIMHSHIT edydati POSEN RETRACT iif ait SETHE gpHIBGRGE i
BreeeeaUoNOUcunI ehtiatally RHA BOHEME Napidiiy iejuetinEM ethane
PCIE BASEL sabe RSLS BME tafanthfeaphtiyt OTHER FCtSsysetese
: HRESSordSaTEa HESS eiatiesie: STEVES HUFL Sigs aaa :
: PRG RESUMES PRUNE SMAPS STEHT satichibigist yin ity Uetaiy He ne :
SeeeverURaNETE DRHMIEH RETA BST RIHTRTHD jieiienalt iitadenteE -
Snehaeauhallis SULTS Wy RRCRIHNAIEHE PH RTI HHO HY fategtnaeseae : : -
: 1 PeHeeHUUETn RISEIRMISRESE ai RRHREANTHIAN ROHAN ifthe (fitesHedh TALE
Puy RSHHNTTHEW RYLEY HMA gidastisdayttaltyg ALESHA TREE Ave
7 i a oY Q
j i REE Stilts NHINREH ELTLNFa POAT RNTHIMIHIMIRIH bayaithttay Hist Ente yee ma
Dod 1 if oESASEHFEETHAIH Had UGTA ERATE tain RINT MEHTA rHNece sol
- ( yD EaneURINENRNE : PUSH Hie Paltypustintt: aTtRaraeReaen
: fH EEUU ita BVTINHEH NHN seaidldtity iit pears 7 nay
: 1 ACTA palihatay RERTEH ay SHNATIHTE lint Via diaplastisyell TRO nea
t He Speopstthaetananninitiia RERHEAMLLT PHATE Bbitalijiytat HHT atti) AHERN OHI bees 7 we
: deostoceteaeh BIRR vettittaaly RHEE PaO BIRTH Litt sAraeghbehsgitessse BIE ae
Le we TUE HENAN HNsastiatditilt ENMIMOTHITIMIHTE Heteysalteiy fahannitebseth Heagenttcinge : Cl
: H aEECESSTLEEN SH HTL EHR RAIMI HIMESH HCH tt wt
i UYaae LUSTRE HEN SER SAHA RITE HH had Heth studi rycbiafisgdetial: mo vu
pais chaps SLAIN bibl RENTS HHT HIRAE THROAT RATER wages el
aprESRRELFTeatyIGg HERAT HEUERNHHH Bainttile RT filing ijilientEsUASdigyesOe : Sse : a
: PREH eee ity 2tilitipdlt SHHHEHIH ti ftagtaflin jibssMAiflieagteS an oa tt
1: yp DRUHIHTAHEH it BAHU eit tae lhe ar
edeWagaht eV lvabel BY ay AHHH piatyitatti ute ftitietiat Liggekstnat We
8 YOREGCESSEE OHUSHNHTH ARAM AOC Hla jaitiitagtty Weestnetengell Bem jal
: BRT SE i Mhavithy NERD hii RENT daltitadhly ratty raceftlutegttie 4 M
j Hee EG PSE Me oan oo atel
a EAN LSE PH NHUTANERYE THT fata telltale u : : dy
oe - RSE ahs Dt its Lah HARA id RUNS tytn Heh Hf Ce Mies vant
- Fee) Ta UAHA if AHIR TSH sidtatiafliadt: we ne
: a CA AANEHH RANE) KATHI byte AS : : iy
ok DUGETPAihay Yet HARHERNIRHY ATH ATTN fatty tte i et
: erareRAHETLNREAA RUMIAHRRRHRHHH Sent ale HARMS ae : : nD
: cdl eed PRA) ART Nitti HaamaTTe the 7
: : Ey epi theta Nitty AHIMA i illu Leccsiy ee :
- 1 1 : eee Tishyheamtiyfah etek hit fltdij Bet titties Hea Now :
a : 4 ET BOAEeH ely en nate ype rid aM
c we ) me rth Sart ORAM heres

---

te
ge 4
Tae aalettintaal . t
<.
Im
‘
is ;
4 , ad ‘ q
“Us :
| ese |
i, ema AG ia A GH tl, RG Sy re

---

te
cn CE ——""
Pl
ts
asi
bone
it
Le >
aj
ib
ues
+,
ii
HI
Hi
Hh H
ih
uf
4, 044 Bat
nt
i
Ht
De?
Ht
HI
hi
Hf
frail
Pty
cL
ii a
bey
fit
Hi
i
i
AN
Tne
iia
i
My
ag
1‘
cu

---

t
.
ee ce A ”
Pl
asi
bone
it
Le >
aj
ib
fai Bat
ay
+,
sititit
HI
i
INH
Hi
itd
ih
uf
Ms
pene
H}
i
De?
Ht
HI
i
hi
Hf
1
Pty
cL
Hy
fit
Hi
i
i
iH
i
i
f
tlh
Hi
My
Nit
iY
i
1‘
b
cu

---

te
4
Taeaalettintaal t
-
Im
is
4 Yad q
Us :
ese
i eamaAGiaHtl EGS re"
2026-06-10T03:43:52+00:00,,"i | Ha a A i i lal - :
I ai
| | is 10) RE sia

---

ii
i
i}
ht
tH
Hi
Hii
ill
si
H
ni
1 i
il ma
ip
bi
:)
i
it,
H|
Hi
Wf
ih
Mi
if
i;
i
i
Hil
i
HN
Hl
Hh
Hi
My
—~-
x he
au
mT
ii
i)
Hi
Hi
it
he

---

ii
i
i}
ht
tH
Hii
ill
i
1 i
il ma
hii
ip
}
‘i
bi
:)
t i
i
i}
it,
Hi
Wf
Ny
Mi
if
i;
i
ih
Hil
HN
Hi
—~-
+4
be
au
ii
it

---

i Hae ill - :
I ai
i110) REE sia

---

——— shCté«<C
4 i ‘|

---

Ee
ji
iy
th
i
ili
i
Hi
i
Hil
i
Bi
Ht
Hit
ty
)
H)
i
/
Hl

---

Ee
,
iy
~
kd
|
Hh
ili
Hi
i
Hi
i
Hil
i
Bi
Ht
Hit
ty
H)
i
i
/
Hi

---

shCtiC
4 i

---

ood
a
a Sr aR Pn tena! Pani Hi ERTe
ees (29S 12h e MME Hii yior iii 1 | i 2
be 4
RSH .

---

—_— a
Re eae elaadl
Se el
Myra
mle
bh
i
1h:
—
—
ff
ff
Part eal
Hi
Hy!
his
{
a
1G
RH
i
i
Hi
1
}
i
i
iT
ut?
me
‘I
sett
i
1
|
i t
1)
Ai
i
i
iii
hit
~e
i
Hi
Hay
i!
if
i
|
f
i}
Hi
IH]
salt
Re
a
it
it
i}
i
434}
ry
HT}
Hi
ii
H
{
i
}
|
i
Wi
Hii
i
i
ui}
wy wa
jw

---

=
se
ae
AS
gee
Te,
aid
Pm
|
3
=
=
—=
=
==
SSS
——
=
———
=
Se
=
===
———
<==
SS
==
=<
SS
=
——
Ss
eee
See
=
SSS
SS
SSS
Sear
=
=
=
==
=
<==
—
==
==
Ss
=
Spt
Sosipeoae
=e
a
a
Spee
Fetes.
Sa
SSeS
Seeer uae
Ss
Shien:
=
arson
=
=<
=
=
shied
S3css
Seakaa santos
en
2
i

---

ood
a
arn Ptenay Pani HiaMERTeT
epees(29FaS12She MMTETTTisiyioriiirtt 1 i 2
be 4
RSH :

---

nn
>
we
; Be ot ie PUES "" :
a .
~ . feo Tig an OK, Bae
cept diy . moor, Pie ant
iy damaaginaiitts o> : ig Eye
Fr MMBRET ELL itt ig THs BAHN ree Ip we .
| | | | tite fi Mitel iti dl ]

---

oe
en een
9;
,
W
4
A
—~?e
4
ne
~~ saliva
ist
Fi
ia
Le.
u
il hil
i}
re’
uy
Hf
ry
il
i
|
ih
ti lity
HA 3
ah
tl
|
i !
ith
iB;
i
i
ayy
iit
Hl
Hi
i)
iu
a
“€ By

---

oe
en een
w-
W
A
—~?e
4
ne
~~ saliva
ist
iy IP,
ia
Le.
u
Is
Hi
itt
H
Mi
HY
ity
i}
re’
i
Hf
ry
ia
Mh
H
|
;
iti
HA 3
tH
ff
|
Hf
I
i
it
4
dy!
yy
it
iH
i
HH
i
i
i
iH
it
yy
HH
=

---

nn
2
we
3 Bote PUES :
a :
- : feorTlg an K Bae
cepttiy moor Pianta
iy amauta: : gEye
FMRI ig THs BAHN ree Ip we -
ee tite fi Hitelteliticittdl

---

|
om . as , ww , a
. oe a "" aoe a i nw ae ‘tn re | |
Tey Thy In i eh
: t : ne we ' t as Mes 7 : | | | |
\ ; A le a he u we on hy (ij ‘ig ee "" o : ; :
. We tees v ol Nt ce et his BDH blip ht He s “f : :
oat 7 Mee a “it oh a : | = :
og as ica we Mee ihn aa ak : | a
my ae Mi ain i jftey! 1): a te el pat: a eed Pigg ote :
an on by is ay ae ees re :
pi pds jie iy HI Pati mh ay isfy Fi ean “} ee aed Hija ae ns "" |
ip hy lis i vi Vy AB ae int La a bea BE Pe me :
sin A a sf Be my :
May nf ae “ isd AANA Mall he ie ma 4 jit iyeite he if fhe net HyLd! poe agin sive |
. Bhd waite Hi HH He HT Ml Hite afin init ale i Wy HE t, rift ih ft serie Het | hss, BEE es
ae ee ‘if tit it hi | Hn HH ey Soe =
oy ae He Hi) it it HI fh a ae fata! Hes he oS .
bas batts ana dt [ae “lig i"" { | il iff HH rif 4, yi i) nn hy if ile RH } HA ” a ae : .
votes ay ae hi {ues ! hi {i i iat HH ‘i { hf nt I: ny mH lta eee He SS a
ue yout i cls i ae iy Mist | i ee il ited be iyi oe =
Q ae NE ‘te nis hid Ny til Hil rat ray ty Runt ie, HT Hi oe —
a ian nee: de if! diy ald | My TH padi i iil nh Hi tj AGH a =
feat hail iF vai it tj BIE iM Hit nd fie my iH Hs HH ij i ay ray itl inhi HTH ie Higsta ae a : :
DONE Fh flail Tah ti} i HH BATHE wa HNP lity hh nit inst ditt tee Hs ie fae ies ee ae 7 S
oh hee ane ijk HTH HH Ww eels i CS oe ce :
aE oe iy An Hei HR it ih Hi et ee ve ;
Hs en ATUL HR nh iI ti hi ea ! ee HN uy oe AH aoe a
- oo mae Hi ify ity Ms ao SS hee |
oe Ving aa dif 18 I ee Coe yee ;
; oe ii ADH re i int Fite! lh if till HH) Hana ee oS ae
ne ee shail ee eit rH HUE etd la HRA ey iit fies bali Hilt a ae .
PEE ian i ati anti Ha! wa | Me aa rij ied iain ae tied ie ae |
j a iil Holt Hit rat oe a oe i = ; |
y rok, a
i ee Le Ate ce i oo : = :
| ae a |
L Z . Ba : : :
H oe iat at . ie | |
{aint HA HI AE nat i ao Ki fie jist ei fhe ree put oe |
yi oF ut it Hy fae i ha ee « 1) Pat ie i a i a . ;
ee i ca iti le oe iy Se .
a a A ne lita TE th co _- : :
a “ 7
Es a i"" oe rth 4 ra lib eh Le a ‘i
; a ee ! HE oe SSS oe - | |
a | aa Heit ce id Bf en ee — 3
i ATU Ie fee} It ie ny at ai ahs } as fil : ee Hf felt, Hi Hy staat iH gif HH HH Hikes iit: Zn ”
‘ | a tH { el tit; ris A ue hin HH Ry Ce SS. : |
ne ee ape ee Wea rath a) a hil he ata aaa HH Hh ii cee fief if diel iBuatie -
i fined nl aes it range ry Witt viny aha te un righ pily jial uf HH dif it Mai na apt fig a me :
Pa HHH BH fn i pitti Hi atin BMH HH RANE a Niue itt ot i th : : : : |
ny aa fait i"" ck Ny Heian abst Tn He es -
a’ a ATH i ed ried pale i ie 3 jai: BH ity 44} eal lt Hg as ee i :
‘ if: HG ee rei iH ath ait Ph ili ‘i thy vanes Hi aii Hailid ii, felt caigteil ie - :
: Ce a ee aa fi ita ae aan Hy reghye ae # Sie ad Be by . co
: 2 | ae hn ea ri eee fit habe .
: ee oe Bi ii ci a Hel te Ghee . a
, ae ee alien HOARE pista Hy HAHAH lat tip itt i, Pe ik cl Hite oo , . aa
: | ae dt ae et ee fii! iH itd} He ilist ig Da fas tie he no, :
aid Ensen hr tent ay ay Ne why f! AEN i itt AUR Bilin Mt i i : ~ : : : :
Bo i ne es ue if Hey ele hel fish aii fy nh shitil liga! sit fu he il te i oe ‘i
. aa Hany tl ait il an rain fant fein it Pn Hh tiie el nea!
"" a oe tial nie id pit RHI 4! ae ae iy : -
ae a eh Na aa rie HT Ste Mein He as, a
| hint ead an al il i sith! bat ili a t; file ii i i . . =
{ oe eee # tei i aia iit re i RH Si ii Mt le : a
) | 8 wy i ih iH inte a iH tt rae ecu SS
: my oe t ae NH HN in ist if \\S digit .
| ae i sty ith Be _ oe mo,
: ae 3! ity Bry ey Sa fain it fis ify ay ATR "" jiibhie a HN fi ify iit get i Bo
. ate re — sili ifitnty iyi ARE HR htt rb iit it ‘itt we
: ee abe Bi if fatal on AH AHN bead ih saith! Hi hibit fi hig hy inte i
; : ia Hani HH RH Ni sanigstl in HHH Wy iisil HH iit htt itt mat Ie
a ‘ aA ail) Dron eR a ile tah! hh ‘i ti} it in Mi fei fat afta sigear a a
\ ae noe ina iH} hia ii iit fete fe rly ‘a, ity CH ti reat hae a |
a He il BI : ne ijt) al Ha RR i iat a
° y ‘ ce ih Hh i Hn in i Me, 1) i : oe. :
L ee se fini a ta i Hh hi oe Ale fetllis :
: . mel ce) : a sh ail ati Hts hy tat La ie
a i BAK ii, ~~ Ha a :
ny : Hs rir! HI ited ity ai yigeet hs } Wy iM th] itigy! Hi PST its, |
| : ini ie (Lay fe ; hh.
| | i a NH iit iit tid is if Hy it ee cone whe
: a i ee REE siti Re iy uy i) i ihe Huy iy 1 tH nif Hy Hy it i"" : |
allie ae ini hd ANAK hy He Hite i i “ =
| - aa ANH aah i jit i Hh ita iy mn iii HM tied a: ee
eo his ih ii] SH iN nA fees Pa fea, i
| : H : ie th } AR i i $ iy hy 4 ohh i, \ Hh Hy Hy arty ae “ mcr? Mies
: | aa a oy any ee i i fe Ie
: Aen itis a fiat 4 ae ee Manes
: : | sith il ae ih Ht ih iii Hy Le itt)
ij ' nant Hai ae rh ft ae Cte
| ! a | ta ay multe htt iH heat an Paty ral halide
ae ili i i ah ulti un ; ‘ .
a 7 tit foe :
; mnie a ik i tea i a a
' ah an .
| mo POR ae wife: a i
| | : | ‘ tile
I | | :
:
-
~
no
- 7
re

---

a
i
lem
meee
ed
ee
te
ie
oe
iy
in
rt
ai
wil
iW
y
4
i
4
Bu
un
uw
sit
at
ey
ey
\,
wy
bei
uy
py
My
mh
a
ut
th
ny
tier
ff
h
4
ye
uf
in
‘yf
iy
iil
a
Ml;
Atay
f
he
aye
itil
at
t,
t
a
u
df
it
Ay
i
righ
Ve
it
cH
aid
a
WN
‘|
wd
nit
diy
a
4, by
h
fy
""4
""he
yaa
“
iy
Wl
li
fi Ht
rf
uf
at
iit
pa
uy
he
ety
un
ny
yf
it
tt
yal
fr
Hi
ft
we
fil
uy
vt
ff
rf
vey
iF
I
NE
Hal
it
aa
Hh
in
tn
ry
Hii
Hil
a
ha
wha
a
ae
wt
ayyprnaatit
Hh
é |
HH
ii
I
if
bh
HH
ty)
at
ng
tt
it
yf
(inn
t
nil
Hi
a
sh ily
Bp
(nit!
a
I
init
Hai
finite
yi
Hi}
fii
yt
he
im
yu
ny
i
Hi
He
a
fi
Hl
ni
Hi
ely
i
ti
ift
1
He
uF
i
if
tt
He
i
Hh
ji
t
Hy
K
Me
ia
tH
fh
ft
if
fh
A
p Hq
Hi
i
if
Hy
Wy
on
in
the
i}
ile)
ti
uf
i}
bis
Hi
Hi
‘
Wty
VW
nit
i
it
{!
HH
Hag
iH
i
Hh
tiliye
8
Heath titi
4
Je
ds
Pht
i?
Ms
tt
iff
if
Siit
i
Vit
if
Ha
ti
it
i
Hae
he
ify
yt
fli
il
H
ini)
fh
nf
age
ri
Hin
ett
fi
AHHH
af
hy
hen
tity
tf
thy
i
ae
jue
it
i
He
ie
ue
a}
f
14;
a
|
rill
i]
hy
Hy
ut {
TRH
earth
af
a
iy
tt
eh
if
ft
HM
i
tit
ify
i]
Hf
ity
sm
qt
it
ft
it
wi
ay
iit
if
H}
ih
ai!
i
ut
ait
vite
a
bey
i)
if
at
48
H)
iH
att
i
ied
Ib
i
i
1H
it
ft
ff
i
i
tf
if
Hitt
vite
Hi
Hy
if
pede
1
f
""
nh
Hf
i
Hf
ny
fr
itt
Hi
I
if
if
cH
ft
ay
ts
iB
te
hi
Hi
4
4
ht
HH
i]
ie
i
itt
I
iti
te
sf
i}
na
ft
Ht
its
it
ih
Bi
7]
ft
tft
fit
rl
st
if
(fe
Va
hh
My
BH
tf
tt
Nay
hj
tt
yt
Ht
HI
iy
tt
iti
StS
ft
Reg
7H
uy
Hi
uf
iit
ft
te)
nts
ye
ty
ie
H)
}!
i
ri
Hi
ity)
HI
i
K,
th
CH
md
fi
Lit
ht
Hi
ty
24th
ff
il!
rea
4
i
}s
Mi
mh
Ht
al
v
‘hy
i
it
ft
i
iy
ih
Hi
at
Bs
it
ist
in
p
fu
ah
at
its
i)
‘ef
fy
it
42
if
iM}
a
ff)
i
i
Mae
heh
if
He
Wi
Hi
itty)
et}
ii
aH
Wye
fai}
wy
vb
hi
bag
Vt
M
Ny
ty
4b
is
tf
wee
tk
ny
tis
hy
oe
nt
ea
aah
HH if is
iy
te
ae
ii
it
ya
4
yt
ity
Ne
i
i
it
ft
R
ial
st
yf
i
iy
4
a
148
ity
ii
ty
int
ihit
it
H]
i
i
a itt
ii}
ih
at
i
i
at
Hy
te
seit
4
ii
a
daha
i}
Hy
ryt
it
HT
Hf
Ef
i
as
ah
i!
ity
ii
sf
4
4
4
if
high
HI
it
tt
u
i
yh)
ft)
ft
tat
i
ri
tb
if
it
1
if
1H
4y3
hi
ii
ay
Sith
if)
i
si
oN
{tt
it
uh
i!
HH
4
Hi
4)
if
an
i
sini
ret
Hi
iy
Nit th
ii
iH
fi
a)
‘ft
Ae
H)
vty
i
We
hy
pt
adh
Hy
ta
if
jth
hp
aa
Hite
fo
hath
4
ti
i
fi
Wiig
Hey
v
i
ya
fon
Ns
ND
ie
Bay
yu
A}
HY
sh 4
iyi
4
fh
My
CHIH
My,
a
fh
Ta
igi
‘i
Hi
Wy
4h
1
Ni
iH
Iaith
it
if
HI
i)
if
Siri
aglt
th
+f
V
Ca
iH Hu
ray
4
yf
Wig,
Vi
a
i)
Bh
iain
tats
hy
{i
tae
ny
id's
Hi
sly
nf
itt
Nagi!
iyi
ahs
iy
ay
rT
thi
ayt
Hii ta
aa
{i
y
ii
i} lft!
Hy
Po)
AU
M4
fT
iH) i
ih
ii
ity
‘ ie
Hit,
rn
on
it
HRY
ANAS
hat
Rit fy
HAT
why i
Natalie,
ni
ry
thy
atts it
ty
it
fi
i
ie
“ih!
fa f
i} i din
ily
ait
ate gal
ell
He
A]
i
ain
4g
iis
Wait
HT
ian
hy
hay
oH
Ny
i
if
Wa
iia!
:
iH
44
i]
1
i
ahh
iN
ii i ‘nit
hy 1
it
if
Hh
1
if
yy,
Ni
‘I,
{ty
i
jt
if
ed
HH
HinH)
Ih
dy
ti
il
i
on
ii
Willis
ish
iia
4
Patil It
4h,
Hj
tt
dies oe
it
i}
Patt
ily
i
in
he
jen
Ht
ah
ith
NE
u
Hy
ta
i
he
ul
it AH
it
Yt
he
a
it
iM st
Hy
yh
ils
He
Hn
an
Hi
Hi
1
{i
itl;
rt
fied
alt
{ly
af
ae
ih,
i
util
i
se
“il, tify
ih
i
iM
Ppt edad
if
aitis
ih
Weal
Ra
it
{tr
he
ou
7

---

i
_-
ed
ers
ie
oe
in
ai
wal
iW
4
i
4
Bu
'
uw
sit
i
4
ey
\,
bei
|
}
'
""i
i,
a
h
ny
ut
th
i
it
ff
i
4
uf
it
'
ue
|
hi
{
,
'
i
HW
aye
itil
at
t
a
u
oh
i
i
}
it
Me
fi!
f
:
i
Ve
it
at
cH
tay
a
i
WH
|
i
I
iH
}
}
iff
Ses
4, by
h
fy
""4
yaa
“
1
!
it
Hi
i
I
i
i
'
i
i
uy
he
th
a
ny
iio
yf
it
tt
at
|
hi
;
!
i
i
HH
il
?
we
fil
uy
vt
ff
rf
i
uf
Jit
;
}
i
;
hy
in
tn
i
h
Lt
Nt
|
i
!
Hi
I
|
HI
|
i
|
i
Hi
i
ha
wha
a
wt
}
n
;
ii
H
|
fi
a
i
i
i
hh
I
if
bh
HH
ty)
at
ng
tt
t
|
i
;
|
iH
ft
|
H
:
fl}
Ht
i
;
i!
Bp
al
|
i
}
Hy
ff
t
i
4
uf
yi
Hi}
fii
yt
he
im
iit
i
H
}
!
i!
|
Hi
i
yh
iif
Hl
ji
4,
i
a
ft
1
He
i
|
;
uM
i
i
iM
!
;
ft
i
i
ui
Hy
K
Me
ia
tH
i
\
|
fh
f!
""
}
}
H
Wy
hy,
4
in
the
i}
1
i
;
;
Uf
ih
nl
ft
'
i
th
Hi
Hi
if
Wty
VW
nit
H
i
Hh
i
if
;
i
}
;
Ry
ie
Hay ty}
if iF
ih
4
Je
ds
|
Pht
i?
i
tt
Hay
i
H
i
i
i
;
!
i
}
F
ify
Nee
H
indi)
H
HH
!
I
:
Hi
at
;
""
1
f
af
hy
hen
tity
tf
thy
1
i
i
i
H
j
Hi
HH}
H
4
}
a}
14;
a
rill
i]
u
H
iD
a
t
Hi
Fj
F
it
Hi
tt
ty
t
i!
ili
|
f
;
Hi
;
lh
1h
i
ut
sm
ft
(
it
|
;
it
i
if
HI
f
H
i
;
i
i
vite
a
Hi
Hn}
i
tf
I
!
i
Ib
i
u
ft
i
yt
i
i
tf
uN
;
vite
i}
i
Hi
Hy
i
!
haf
}
|
HH
it
Hf
i
i
t
t
tf
i
i
f
H
i
y
!
k
th
tt
i}
i
i
if
fi
iyi
4
|
li
i
itt
Hi
te
|
i
}
wy
|
HH
iy
Hy
7]
Hl
qt
fit
1
}
ha
My
:
i
tt
Nay
{h
!
i
Ht
:
if
1
Min
ft
Reg
i,
[
uf
iit
ft
;
I
ty
ie
H)
if
as
firs
}
it
HI
i
K,
th
CH
md
i
fi
Hi
Hi
ty
24th
ff
id
rea
;
4
i
}s
Mi
Hf
al
v
‘hy
i
ft
i
iy
ih
Hi
at
105i
ist
p
fu
ah
at
its
BY
Ht
ly
‘ef
yh
if
iM}
a
ff)
i
i
Mae
i
a
HW]
if
at
Wi
Hi
abe:
ira]
i
4
is
aH
Wye
fai}
wy
vb
hi
bag
Vt
M
Ny
ay
4b
}
ait
rn
ny
Hi
oe
nt
ea
aah
HH if is
tt
Ky
i
i
ae
ii
it
ya
4
yt
ity
Ne
i
i
#)
;
ft
R
ial
st
yf
u
iy
4
a
148
ity
ii
ty
int
ihit
it
H]
i
feaft
it
a
itt
ii}
ih
at
i
i
Hy
te
H
Hf
4
ii
a
daha
i}
Hy
ryt
it
HT
Ef
iN
ah
i!
ity
ii
sf
4
4
4
if
high
HI
it
i
i
i
yh)
$
ft)
ft
tat
i
Hi
tb
:
i
it
1
4y3
hi
ii
ay
Sith
if)
het
i
si
oN
{tt
uh
4
Hi
4)
if
an
Hn
i
;
}
te
y
4
th
ih
fi
a)
‘ft
Ae
H)
vty
i
H
hy
pt
Ws
i
ta
if
jth
aa
Hite
if
ae eee
Hi
hath
4
ti
i
fi
fe?
it
Hey
i
ya
fon
Ns
ND
ie
;
A}
H
HY
isin}
iyi
4
fh
My
CHIH
My,
a
|
stats
fit
k
Mii
""
‘i
Hi
Wy
4h
1
Ni
iH
ah
FH
il
ji
i
ii
i
fit
if
HI
H)
if
Te
aglt
th
—
~~~.
:
i
V
iH
it
yi
iit
i
;
ray
4
yf
Wig,
Vi
qa
43
h
i)
Bh
iain
tats
hy
iit
ih
HI)
eb
Sih
;
jf
nf
itt
{i
iyi
ahs
ee
it
1
ayt
;
fH}
}
y
5
i}
i
i
1fhih
HH
Po)
AU
M4
il
ii
4;
;
td
‘ 4
Hl
Hit,
rn
on
il
EHH
thal
4,
wih
Ih,
rH)
Hh hy
ight
hy
ily
aT
ni
ry
thy
atts it
ty
it
""i
it
Hy
4!
Hah
Ra
i
iy
MN
ait,
ell
He
the
thd
A]
uh
i
i
hay
Hi
4
ty!
i]
oH
Ny
i
A
i!
i}
LWA
=
41
vf
i
ih,
j
3
iti?
4
4
hf
HTK
The
4}
iit
4
1
if
yy,
Ni
‘I,
{ty
i
i!
if
!
i!
;
hy
ah
;
t
CH |
$
1
y
4
Ht
ti
il
i)
i
H)
4
titi
y
i
i
4
4
ni
DTA
4h,
Hj
tt
dies oe
i
i
ie
wit
4
i
4
iy
Hf
Ny
ily
in
he
pay
HA
fi
\
inh
H
1
i
if
i
hy
4
fain
i
f
i!
nie
u
Hy
ta
i
he
f
i
i
\
i
Hin
TH]
4jit
it
tt
Yt
he
HH
i
H
t
i
1
itil
Hy
meee
fee
yh
Mt
ford
ih
ti
|
apa
PRE
‘
tl
i
}
hil
+
t
HI
H
t
ff
i
:
i
!
ut
{
it
t
HR
oe
i
q
vp p tide
yan
aitis
;
tf
Weal
Ra
4
he
ou
7

---

om as ww a
: oe a aoe a i nw ae tn re
Tey Thy In eh
: t : ne we t as Mes 7 : ) )
: A le a he u we on hy (ij ig ee o : :
- ete v ol Nt ce et his BDH blip ht He s f : :
oat 7 Mee a vit oh a : ) - :
og as ica we Mee ihn aa ak : a
my ae Mi ain i jfteyl 1): a te el pat: a eed Pigg ote :
an on by is ay ae ees re :
pi pds jie iy HI Pati mh ay isfy Fi ean ee aed Hija ae ns
ip hy lis i vi Vy AB ae int La bea BE Pe me :
sin A a sf Be my :
May nf ae isd AANA Mall hee ma 4 jit iyeite he if fhe net HyLdd poe agin sive
Bhd waite Hi HH He HT Ml Hite afin init ale i Wy HE t rift ih ft serie Heetet hss BEE es
ae ee rif tit it hi I Hn HH ey Soe -
oy ae He Hi) it it HI fh a ae fait Hes he oS -
bas batts ana dt ioe lig in I il iff HH rif 4 yi i) nn hy if ile RH h HA a ae : -
votes ay ae hi fue hi 1i i iat HH i t hf nt I: ny mH lta eee He SS a
ue yout i cls i ae iy Mist I i ee il ited be iyi oe -
Q ae NE te nis hid Ny til Hil rat ray ty Runt ie HT Hi oe
a ian nee: de ifl diy ald My TH padi i iil nh Hi tj AGH a
feat hail iF vai it tj BIE iM Hit nd fie my iH Hs HH ij i ay ray itl inhi HTH ie Higsta ae a : :
DONE Fh flail Tah ti i HH BATHE wa HNP lity hh nit inst ditt tee Hs ie fae ies ee ae 7 S
oh heat ijk HTH HH Ww eels i CS oe ce :
aE oe iy An Hei HR it ih Hi et ee ve :
Hs en ATUL HR nh iI ti hi ea ee HN uy oe AH aoe a
- oo mae Hi ify ity Ms ao SS hee )
oe Ving aa dif 18 I ee Coe yee :
: oe ii ADH re i int Fite) lh if till HH) Hana ee oS ae
ne ee shail ee eit rH HUE etd la HRA ey iit fies bali Hilt a ae
PEE ian i ati anti Hal wa Me aa rij ied iain ae tied ie ae )
j a iil Holt Hit rat oe a oe i :
y rok a
i ee Le Ate ce i oo : - :
ae a
L Z Ba : : :
H oe iat at ie
(aint: HA HI AE nat i ao Ki fie jist ei fhe ree put oe
yi oF ut it Hy fae i ha ee 1) Pat ie i a i a : :
ee i ca iti le oe iy Se :
a a A ne lita TE th co - : :
a 7
Es a i: oe rth 4 ra lib eh Le a i
: a ee HE oe SSS oe - )
a aa Heit ce id Bf en ee 3
i ATU Ie fee It ie ny at ai ahs as fil : ee Hf felt Hi Hy staat iH gif HH HH Hikes iit: Zn
a tH el titi ris A ue hin HH Ry Ce SS :
ne ee ape ee Wea rath a) a hil he ata aaa HH Hh ii cee fief if diel iBuatie -
i fined nl aes it range ry Witt viny aha te un righ pily jial uf HH dif it Mai na apt fig me :
Pa HHH BH fn i pitti Hi atin BMH HH RANE a Niue itt ot i th : : : :
ny aa fait i ck Ny Heian abst Tn He es -
af a ATH i ed ried pale i ie 3 jai: BH ity 44 eal lt Hg as ee i :
fi if: HG ee rei iH ath ait Ph ili i thy vanes Hi aii Hailid ii felt caigteil ie - :
: Ce a ee aa fi ita ae aan Hy reghye ae iu Sed Be by : co
: 2 ae hn ea ri eee fit habe :
: ee oe Bi ii ci a Hel te Ghee : a
ae ee alien HOARE pista Hy HAHAH lat tip itt i Pe ik cl Hite oo aa
: ae dt ae et ee fii iH itd He ilist ig Da fas tiehe no :
aid Ensen hr tent ay ay Ne why f AEN i itt AUR Bilin Mt i i : : : : :
Bo i ne es ue if Hey ele hel fish aii fy nh shitil ligagail sit fu he il te i oe
aa Hany tl ait il an rain fant fein it Pn Hh tiie el neat
a oe tial nie id pit RHI 4 ae ae iy : -
ae a eh Na aa rie HT Ste Mein Hea a
hint ead an al il i sith bat ili a t: file ii i i -
( oe eee 8 tei i aia iit re i RH Si ii Mt le : a
) 8 wy i ih iH inte a iH tt rae ecu SS
: my oe t ae NHHIN in ist if SS digit :
ae i sty ith Be oe mo
: ae 3 ity Bry ey Sa fain it fis ify ay ATR uf jiibhie a HN fi ify iit get i Bo
ate re sili ifitnty iyi ARE HR htt rb iit it cit we
: ee abe Bi if fatal on AH AHN bead ih jaityt Hi hibit fi hig hy inte i
: ia Hani HH RH Ni sanigstl in HHH Wy iisil HH iit htt itt mat Ie
a aA ail) Dron eR a ile tah hh 4 ti it in Mi fei fat afta sigear a a
ae noe ina iH hia ii iit fete fe rly (a ity CH ti reat hae a
a He il BI : ne ijt) al Ha RR i iat a
v y ce ih Hh i Hn in i Me 1) i : oe :
L ee se fini a ta i Hh hi oe Ale fetllis :
: mel ce) : a sh ail ati Hts hy tat La ie
a i BAK ii Ha a :
ny : Hs rir HI ited ity ai yigeeths Wy iM th itigy Hi PST its
: ini ie (Liyfe : hh
) i a NH iit iit tid is if Hy it ee cone whe
: a i ee REE siti Re iy uy i) i ihe Huy iy 1 tH nif Hy Hy it i : )
allie ae ini hd ANAK hy He Hite i i
- aa ANH aah i jit i Hh ita iy mn iii HM tied a: ee
eo his ih ii SH iN nA fees Pa fea i
: H : ie th AR i i iy hy 4 ohh i yi Hh Hy Hy arty ae mcr Mies
: aa a oy any ee i i fe Ie
: Aen itis a fiat 4 ae ee Manes
: : sith il ae ih Ht ih iii Hy Le itt)
ij nant Hai ae rh ft ae Cte
a ta ay multe htt iH heat an Paty ral halide
ae ili i i ah ulti un :
a 7 tit foe :
: mnie a ik i tea i a a
ah an
mo POR ae wife: a i
: : tile
I i :
:
-
no
- 7
re

---

a TT
>
wr
; Be oti PUES "" :
a .
~ : feo Tig wo. OK, Bae
cept diy . moor, Pie ian
iy damaaginiits o> : ig Eye
Pr HMRI at ig THs BAHN Sa fa a .
| | | eee: ate fd Mitel atelitcitt dl ]

---

oa
en ene
9;
,
W
4
A
—~e
4
enna
a oeeeagl
ist
iF
Nia
Le.
u
ith hil
i}
re’
uy
Hf
ou
il
ti
|
ih
tii hit
Hi 3
ah
ai
|
i !
ith
Bs;
i
i
ayy
iit
Hl
ia
i)
‘i
a
“€ BY

---

oa
en ene
w
W
A
—~e
4
enna
a oeeeagl
ist
4 f°,
Nia
Le.
u
Is
Hi
itt
H
Mi
oH}
ity
i}
re’
i
Hf
ou
ia
Mh
i
|
;
biti
Hi 3
tH
ff
|
Hf
i
it
4
dy!
yy
it
Hi
i
HH
i
i
i
iH
it
yy
HH
=

---

TT
2
wr
3 Bot PUES :
a :
- : feorTlg wo K Bae
cepttiy moor Pianta
iy damaaginiitso- : gEye
Prat ig THs BAHN Sa fa a -
) eee: ate fd Hitiehatelitcittdl"
